17:01:23 INFO     [DataFeed] Back‑filled NSE:RELIANCE-EQ: 375 bars
17:01:24 INFO     [DataFeed] Back‑filled NSE:TCS-EQ: 375 bars
17:01:25 INFO     [websocket] Websocket connected
17:01:26 INFO     [DataFeed] WebSocket connected
17:01:27 DEBUG    [VWAPCalc] 2025-04-14  VWAP=1246.20  SD=0.0000
17:01:27 DEBUG    [VWAPCalc] 2025-04-14  VWAP=1246.11  SD=0.2699
17:01:27 DEBUG    [VWAPCalc] 2025-04-14  VWAP=1245.99  SD=0.5207
17:01:27 DEBUG    [VWAPCalc] 2025-04-14  VWAP=1245.81  SD=0.8926
17:01:27 DEBUG    [VWAPCalc] 2025-04-14  VWAP=1245.67  SD=1.0651
17:01:27 DEBUG    [VWAPCalc] 2025-04-15  VWAP=1243.33  SD=0.0000
17:01:27 DEBUG    [VWAPCalc] 2025-04-15  VWAP=1243.36  SD=0.0332
17:01:27 DEBUG    [VWAPCalc] 2025-04-15  VWAP=1243.70  SD=0.3826
17:01:27 DEBUG    [VWAPCalc] 2025-04-15  VWAP=1243.76  SD=0.3896
17:01:27 DEBUG    [VWAPCalc] 2025-04-15  VWAP=1243.83  SD=0.3791
17:01:27 DEBUG    [VWAPCalc] 2025-04-15  VWAP=1243.84  SD=0.3595
17:01:27 DEBUG    [VWAPCalc] 2025-04-15  VWAP=1244.04  SD=0.5599
17:01:27 DEBUG    [VWAPCalc] 2025-04-15  VWAP=1244.40  SD=0.9835
17:01:27 DEBUG    [VWAPCalc] 2025-04-15  VWAP=1244.49  SD=1.0106
17:01:27 DEBUG    [VWAPCalc] 2025-04-15  VWAP=1244.49  SD=0.9857
17:01:27 DEBUG    [VWAPCalc] 2025-04-15  VWAP=1244.41  SD=1.0079
17:01:27 DEBUG    [VWAPCalc] 2025-04-15  VWAP=1244.30  SD=1.0903
17:01:27 DEBUG    [VWAPCalc] 2025-04-15  VWAP=1244.24  SD=1.1166
17:01:27 DEBUG    [VWAPCalc] 2025-04-15  VWAP=1244.17  SD=1.1388
17:01:27 DEBUG    [VWAPCalc] 2025-04-15  VWAP=1244.11  SD=1.1775
17:01:27 DEBUG    [VWAPCalc] 2025-04-15  VWAP=1243.93  SD=1.3652
17:01:27 DEBUG    [VWAPCalc] 2025-04-15  VWAP=1243.84  SD=1.4116
17:01:27 DEBUG    [VWAPCalc] 2025-04-15  VWAP=1243.78  SD=1.4215
17:01:27 DEBUG    [VWAPCalc] 2025-04-15  VWAP=1243.75  SD=1.4204
17:01:27 DEBUG    [VWAPCalc] 2025-04-15  VWAP=1243.70  SD=1.4313
17:01:27 DEBUG    [VWAPCalc] 2025-04-15  VWAP=1243.55  SD=1.5746
17:01:27 DEBUG    [VWAPCalc] 2025-04-15  VWAP=1243.45  SD=1.6563
17:01:27 DEBUG    [VWAPCalc] 2025-04-15  VWAP=1243.35  SD=1.7423
17:01:27 DEBUG    [VWAPCalc] 2025-04-15  VWAP=1243.22  SD=1.8743
17:01:27 DEBUG    [VWAPCalc] 2025-04-15  VWAP=1243.13  SD=1.9259
17:01:27 DEBUG    [VWAPCalc] 2025-04-15  VWAP=1243.02  SD=1.9925
17:01:27 DEBUG    [VWAPCalc] 2025-04-15  VWAP=1242.90  SD=2.0704
17:01:27 DEBUG    [VWAPCalc] 2025-04-15  VWAP=1242.84  SD=2.1101
17:01:27 DEBUG    [VWAPCalc] 2025-04-15  VWAP=1242.76  SD=2.1658
17:01:27 DEBUG    [VWAPCalc] 2025-04-15  VWAP=1242.69  SD=2.2180
17:01:27 DEBUG    [VWAPCalc] 2025-04-15  VWAP=1242.61  SD=2.2566
17:01:27 DEBUG    [VWAPCalc] 2025-04-15  VWAP=1242.56  SD=2.2703
17:01:27 DEBUG    [VWAPCalc] 2025-04-15  VWAP=1242.52  SD=2.2763
17:01:27 DEBUG    [VWAPCalc] 2025-04-15  VWAP=1242.47  SD=2.3005
17:01:27 DEBUG    [VWAPCalc] 2025-04-15  VWAP=1242.22  SD=2.4478
17:01:27 DEBUG    [VWAPCalc] 2025-04-15  VWAP=1242.14  SD=2.4826
17:01:27 DEBUG    [VWAPCalc] 2025-04-15  VWAP=1242.08  SD=2.5096
17:01:27 DEBUG    [VWAPCalc] 2025-04-15  VWAP=1242.04  SD=2.5279
17:01:27 DEBUG    [VWAPCalc] 2025-04-15  VWAP=1242.00  SD=2.5182
17:01:27 DEBUG    [VWAPCalc] 2025-04-15  VWAP=1241.96  SD=2.5124
17:01:27 DEBUG    [VWAPCalc] 2025-04-15  VWAP=1241.94  SD=2.5094
17:01:27 DEBUG    [VWAPCalc] 2025-04-15  VWAP=1241.92  SD=2.5032
17:01:27 DEBUG    [VWAPCalc] 2025-04-15  VWAP=1241.90  SD=2.4950
17:01:27 DEBUG    [VWAPCalc] 2025-04-15  VWAP=1241.89  SD=2.4829
17:01:27 DEBUG    [VWAPCalc] 2025-04-15  VWAP=1241.87  SD=2.4760
17:01:27 DEBUG    [VWAPCalc] 2025-04-15  VWAP=1241.84  SD=2.4776
17:01:27 DEBUG    [VWAPCalc] 2025-04-15  VWAP=1241.81  SD=2.4759
17:01:27 DEBUG    [VWAPCalc] 2025-04-15  VWAP=1241.79  SD=2.4740
17:01:27 DEBUG    [VWAPCalc] 2025-04-15  VWAP=1241.78  SD=2.4727
17:01:27 DEBUG    [VWAPCalc] 2025-04-15  VWAP=1241.75  SD=2.4740
17:01:27 DEBUG    [VWAPCalc] 2025-04-15  VWAP=1241.72  SD=2.4802
17:01:27 DEBUG    [VWAPCalc] 2025-04-15  VWAP=1241.71  SD=2.4821
17:01:27 DEBUG    [VWAPCalc] 2025-04-15  VWAP=1241.67  SD=2.4846
17:01:27 DEBUG    [VWAPCalc] 2025-04-15  VWAP=1241.65  SD=2.4803
17:01:27 DEBUG    [VWAPCalc] 2025-04-15  VWAP=1241.63  SD=2.4541
17:01:27 DEBUG    [VWAPCalc] 2025-04-15  VWAP=1241.62  SD=2.4401
17:01:27 DEBUG    [VWAPCalc] 2025-04-15  VWAP=1241.63  SD=2.4208
17:01:27 DEBUG    [VWAPCalc] 2025-04-15  VWAP=1241.65  SD=2.4049
17:01:27 DEBUG    [VWAPCalc] 2025-04-15  VWAP=1241.67  SD=2.3596
17:01:27 DEBUG    [VWAPCalc] 2025-04-15  VWAP=1241.69  SD=2.3429
17:01:27 DEBUG    [VWAPCalc] 2025-04-15  VWAP=1241.71  SD=2.3228
17:01:27 DEBUG    [VWAPCalc] 2025-04-15  VWAP=1241.74  SD=2.3157
17:01:27 DEBUG    [VWAPCalc] 2025-04-15  VWAP=1241.77  SD=2.2986
17:01:27 DEBUG    [VWAPCalc] 2025-04-15  VWAP=1241.78  SD=2.2849
17:01:27 DEBUG    [VWAPCalc] 2025-04-15  VWAP=1241.79  SD=2.2758
17:01:27 DEBUG    [VWAPCalc] 2025-04-15  VWAP=1241.81  SD=2.2617
17:01:27 DEBUG    [VWAPCalc] 2025-04-15  VWAP=1241.82  SD=2.2502
17:01:27 DEBUG    [VWAPCalc] 2025-04-15  VWAP=1241.84  SD=2.2388
17:01:27 DEBUG    [VWAPCalc] 2025-04-15  VWAP=1241.86  SD=2.2104
17:01:27 DEBUG    [VWAPCalc] 2025-04-15  VWAP=1241.86  SD=2.1966
17:01:27 DEBUG    [VWAPCalc] 2025-04-15  VWAP=1241.87  SD=2.1855
17:01:27 DEBUG    [VWAPCalc] 2025-04-15  VWAP=1241.89  SD=2.1781
17:01:27 DEBUG    [VWAPCalc] 2025-04-15  VWAP=1241.89  SD=2.1506
17:01:27 DEBUG    [VWAPCalc] 2025-04-15  VWAP=1241.87  SD=2.1317
17:01:27 DEBUG    [VWAPCalc] 2025-04-15  VWAP=1241.86  SD=2.0926
17:01:27 DEBUG    [VWAPCalc] 2025-04-15  VWAP=1241.86  SD=2.0856
17:01:27 DEBUG    [VWAPCalc] 2025-04-15  VWAP=1241.86  SD=2.0751
17:01:27 DEBUG    [VWAPCalc] 2025-04-15  VWAP=1241.86  SD=2.0544
17:01:27 DEBUG    [VWAPCalc] 2025-04-15  VWAP=1241.86  SD=2.0485
17:01:27 DEBUG    [VWAPCalc] 2025-04-15  VWAP=1241.87  SD=2.0419
17:01:27 DEBUG    [VWAPCalc] 2025-04-15  VWAP=1241.87  SD=2.0306
17:01:27 DEBUG    [VWAPCalc] 2025-04-15  VWAP=1241.89  SD=2.0226
17:01:27 DEBUG    [VWAPCalc] 2025-04-15  VWAP=1241.90  SD=2.0113
17:01:27 DEBUG    [VWAPCalc] 2025-04-15  VWAP=1241.91  SD=1.9956
17:01:27 DEBUG    [VWAPCalc] 2025-04-15  VWAP=1241.91  SD=1.9871
17:01:27 DEBUG    [VWAPCalc] 2025-04-15  VWAP=1241.92  SD=1.9750
17:01:27 DEBUG    [VWAPCalc] 2025-04-15  VWAP=1241.93  SD=1.9606
17:01:27 DEBUG    [VWAPCalc] 2025-04-15  VWAP=1241.94  SD=1.9506
17:01:27 DEBUG    [VWAPCalc] 2025-04-15  VWAP=1241.95  SD=1.9383
17:01:27 DEBUG    [VWAPCalc] 2025-04-15  VWAP=1241.95  SD=1.9223
17:01:27 DEBUG    [VWAPCalc] 2025-04-15  VWAP=1241.95  SD=1.9134
17:01:27 DEBUG    [VWAPCalc] 2025-04-15  VWAP=1241.96  SD=1.9043
17:01:27 DEBUG    [VWAPCalc] 2025-04-15  VWAP=1241.97  SD=1.8971
17:01:27 DEBUG    [VWAPCalc] 2025-04-15  VWAP=1241.98  SD=1.8854
17:01:27 DEBUG    [VWAPCalc] 2025-04-15  VWAP=1242.01  SD=1.8762
17:01:27 DEBUG    [VWAPCalc] 2025-04-15  VWAP=1242.02  SD=1.8585
17:01:27 DEBUG    [VWAPCalc] 2025-04-15  VWAP=1242.03  SD=1.8466
17:01:27 DEBUG    [VWAPCalc] 2025-04-15  VWAP=1242.04  SD=1.8373
17:01:27 DEBUG    [VWAPCalc] 2025-04-15  VWAP=1242.05  SD=1.8154
17:01:27 DEBUG    [VWAPCalc] 2025-04-15  VWAP=1242.05  SD=1.8061
17:01:27 DEBUG    [VWAPCalc] 2025-04-15  VWAP=1242.04  SD=1.7976
17:01:27 DEBUG    [VWAPCalc] 2025-04-15  VWAP=1242.02  SD=1.7839
17:01:27 DEBUG    [VWAPCalc] 2025-04-15  VWAP=1242.01  SD=1.7790
17:01:27 DEBUG    [VWAPCalc] 2025-04-15  VWAP=1241.97  SD=1.7930
17:01:27 DEBUG    [VWAPCalc] 2025-04-15  VWAP=1241.94  SD=1.8034
17:01:27 DEBUG    [VWAPCalc] 2025-04-15  VWAP=1241.92  SD=1.8066
17:01:27 DEBUG    [VWAPCalc] 2025-04-15  VWAP=1241.91  SD=1.8082
17:01:27 DEBUG    [VWAPCalc] 2025-04-15  VWAP=1241.89  SD=1.8060
17:01:27 DEBUG    [VWAPCalc] 2025-04-15  VWAP=1241.86  SD=1.8065
17:01:27 DEBUG    [VWAPCalc] 2025-04-15  VWAP=1241.82  SD=1.8141
17:01:27 DEBUG    [VWAPCalc] 2025-04-15  VWAP=1241.74  SD=1.8044
17:01:27 DEBUG    [VWAPCalc] 2025-04-15  VWAP=1241.67  SD=1.8007
17:01:27 DEBUG    [VWAPCalc] 2025-04-15  VWAP=1241.61  SD=1.7758
17:01:27 DEBUG    [VWAPCalc] 2025-04-15  VWAP=1241.54  SD=1.7581
17:01:27 DEBUG    [VWAPCalc] 2025-04-15  VWAP=1241.46  SD=1.7654
17:01:27 DEBUG    [VWAPCalc] 2025-04-15  VWAP=1241.36  SD=1.7801
17:01:27 DEBUG    [VWAPCalc] 2025-04-15  VWAP=1241.31  SD=1.7693
17:01:27 DEBUG    [VWAPCalc] 2025-04-15  VWAP=1241.28  SD=1.7308
17:01:27 DEBUG    [VWAPCalc] 2025-04-15  VWAP=1241.27  SD=1.6938
17:01:27 DEBUG    [VWAPCalc] 2025-04-15  VWAP=1241.24  SD=1.6868
17:01:27 DEBUG    [VWAPCalc] 2025-04-15  VWAP=1241.06  SD=2.0009
17:01:27 DEBUG    [VWAPCalc] 2025-04-15  VWAP=1241.00  SD=2.1018
17:01:27 DEBUG    [VWAPCalc] 2025-04-15  VWAP=1240.93  SD=2.1928
17:01:27 DEBUG    [VWAPCalc] 2025-04-15  VWAP=1240.83  SD=2.3344
17:01:27 DEBUG    [VWAPCalc] 2025-04-15  VWAP=1240.77  SD=2.4196
17:01:27 DEBUG    [VWAPCalc] 2025-04-16  VWAP=1233.57  SD=0.0000
17:01:27 DEBUG    [VWAPCalc] 2025-04-16  VWAP=1232.72  SD=1.0023
17:01:27 DEBUG    [VWAPCalc] 2025-04-16  VWAP=1232.56  SD=0.9638
17:01:27 DEBUG    [VWAPCalc] 2025-04-16  VWAP=1232.48  SD=0.9072
17:01:27 DEBUG    [VWAPCalc] 2025-04-16  VWAP=1232.45  SD=0.8584
17:01:27 DEBUG    [VWAPCalc] 2025-04-16  VWAP=1232.44  SD=0.8154
17:01:27 DEBUG    [VWAPCalc] 2025-04-16  VWAP=1232.37  SD=0.8117
17:01:27 DEBUG    [VWAPCalc] 2025-04-16  VWAP=1232.35  SD=0.7922
17:01:27 DEBUG    [VWAPCalc] 2025-04-16  VWAP=1232.34  SD=0.7660
17:01:27 DEBUG    [VWAPCalc] 2025-04-16  VWAP=1232.33  SD=0.7380
17:01:27 DEBUG    [VWAPCalc] 2025-04-16  VWAP=1232.31  SD=0.7128
17:01:27 DEBUG    [VWAPCalc] 2025-04-16  VWAP=1232.32  SD=0.6991
17:01:27 DEBUG    [VWAPCalc] 2025-04-16  VWAP=1232.32  SD=0.6445
17:01:27 DEBUG    [VWAPCalc] 2025-04-16  VWAP=1232.42  SD=0.7220
17:01:27 DEBUG    [VWAPCalc] 2025-04-16  VWAP=1232.52  SD=0.8240
17:01:27 DEBUG    [VWAPCalc] 2025-04-16  VWAP=1232.58  SD=0.8321
17:01:27 DEBUG    [VWAPCalc] 2025-04-16  VWAP=1232.62  SD=0.8148
17:01:27 DEBUG    [VWAPCalc] 2025-04-16  VWAP=1232.68  SD=0.7870
17:01:27 DEBUG    [VWAPCalc] 2025-04-16  VWAP=1232.69  SD=0.7762
17:01:27 DEBUG    [VWAPCalc] 2025-04-16  VWAP=1232.73  SD=0.7838
17:01:27 DEBUG    [VWAPCalc] 2025-04-16  VWAP=1232.84  SD=0.8694
17:01:27 DEBUG    [VWAPCalc] 2025-04-16  VWAP=1232.92  SD=0.9013
17:01:27 DEBUG    [VWAPCalc] 2025-04-16  VWAP=1232.94  SD=0.8763
17:01:27 DEBUG    [VWAPCalc] 2025-04-16  VWAP=1232.89  SD=0.8765
17:01:27 DEBUG    [VWAPCalc] 2025-04-16  VWAP=1232.87  SD=0.8792
17:01:27 DEBUG    [VWAPCalc] 2025-04-16  VWAP=1232.76  SD=0.9195
17:01:27 DEBUG    [VWAPCalc] 2025-04-16  VWAP=1232.69  SD=0.9771
17:01:27 DEBUG    [VWAPCalc] 2025-04-16  VWAP=1232.49  SD=1.2096
17:01:27 DEBUG    [VWAPCalc] 2025-04-16  VWAP=1232.40  SD=1.2371
17:01:27 DEBUG    [VWAPCalc] 2025-04-16  VWAP=1232.36  SD=1.2448
17:01:27 DEBUG    [VWAPCalc] 2025-04-16  VWAP=1232.30  SD=1.2717
17:01:27 DEBUG    [VWAPCalc] 2025-04-16  VWAP=1232.26  SD=1.2900
17:01:27 DEBUG    [VWAPCalc] 2025-04-16  VWAP=1232.25  SD=1.2852
17:01:27 DEBUG    [VWAPCalc] 2025-04-16  VWAP=1232.26  SD=1.2686
17:01:27 DEBUG    [VWAPCalc] 2025-04-16  VWAP=1232.28  SD=1.2619
17:01:27 DEBUG    [VWAPCalc] 2025-04-16  VWAP=1232.34  SD=1.2773
17:01:27 DEBUG    [VWAPCalc] 2025-04-16  VWAP=1232.37  SD=1.2905
17:01:27 DEBUG    [VWAPCalc] 2025-04-16  VWAP=1232.40  SD=1.2980
17:01:27 DEBUG    [VWAPCalc] 2025-04-16  VWAP=1232.41  SD=1.3042
17:01:27 DEBUG    [VWAPCalc] 2025-04-16  VWAP=1232.44  SD=1.3147
17:01:27 DEBUG    [VWAPCalc] 2025-04-16  VWAP=1232.46  SD=1.3210
17:01:27 DEBUG    [VWAPCalc] 2025-04-16  VWAP=1232.47  SD=1.3202
17:01:27 DEBUG    [VWAPCalc] 2025-04-16  VWAP=1232.47  SD=1.3156
17:01:27 DEBUG    [VWAPCalc] 2025-04-16  VWAP=1232.47  SD=1.3093
17:01:27 DEBUG    [VWAPCalc] 2025-04-16  VWAP=1232.48  SD=1.3073
17:01:27 DEBUG    [VWAPCalc] 2025-04-16  VWAP=1232.50  SD=1.3136
17:01:27 DEBUG    [VWAPCalc] 2025-04-16  VWAP=1232.51  SD=1.3167
17:01:27 DEBUG    [VWAPCalc] 2025-04-16  VWAP=1232.52  SD=1.3181
17:01:27 DEBUG    [VWAPCalc] 2025-04-16  VWAP=1232.55  SD=1.3288
17:01:27 DEBUG    [VWAPCalc] 2025-04-16  VWAP=1232.57  SD=1.3289
17:01:27 DEBUG    [VWAPCalc] 2025-04-16  VWAP=1232.58  SD=1.3278
17:01:27 DEBUG    [VWAPCalc] 2025-04-16  VWAP=1232.61  SD=1.3474
17:01:27 DEBUG    [VWAPCalc] 2025-04-16  VWAP=1232.66  SD=1.3830
17:01:27 DEBUG    [VWAPCalc] 2025-04-16  VWAP=1232.72  SD=1.4354
17:01:27 DEBUG    [VWAPCalc] 2025-04-16  VWAP=1232.74  SD=1.4515
17:01:27 DEBUG    [VWAPCalc] 2025-04-16  VWAP=1232.77  SD=1.4752
17:01:27 DEBUG    [VWAPCalc] 2025-04-16  VWAP=1232.88  SD=1.5514
17:01:27 DEBUG    [VWAPCalc] 2025-04-16  VWAP=1232.91  SD=1.5755
17:01:27 DEBUG    [VWAPCalc] 2025-04-16  VWAP=1232.99  SD=1.6471
17:01:27 DEBUG    [VWAPCalc] 2025-04-16  VWAP=1233.04  SD=1.6868
17:01:27 DEBUG    [VWAPCalc] 2025-04-16  VWAP=1233.06  SD=1.6932
17:01:27 DEBUG    [VWAPCalc] 2025-04-16  VWAP=1233.08  SD=1.6983
17:01:27 DEBUG    [VWAPCalc] 2025-04-16  VWAP=1233.10  SD=1.7088
17:01:27 DEBUG    [VWAPCalc] 2025-04-16  VWAP=1233.15  SD=1.7333
17:01:27 DEBUG    [VWAPCalc] 2025-04-16  VWAP=1233.17  SD=1.7496
17:01:27 DEBUG    [VWAPCalc] 2025-04-16  VWAP=1233.19  SD=1.7660
17:01:27 DEBUG    [VWAPCalc] 2025-04-16  VWAP=1233.21  SD=1.7744
17:01:27 DEBUG    [VWAPCalc] 2025-04-16  VWAP=1233.25  SD=1.7873
17:01:27 DEBUG    [VWAPCalc] 2025-04-16  VWAP=1233.33  SD=1.8094
17:01:27 DEBUG    [VWAPCalc] 2025-04-16  VWAP=1233.35  SD=1.8130
17:01:27 DEBUG    [VWAPCalc] 2025-04-16  VWAP=1233.37  SD=1.8157
17:01:27 DEBUG    [VWAPCalc] 2025-04-16  VWAP=1233.38  SD=1.8194
17:01:27 DEBUG    [VWAPCalc] 2025-04-16  VWAP=1233.41  SD=1.8215
17:01:27 DEBUG    [VWAPCalc] 2025-04-16  VWAP=1233.43  SD=1.8214
17:01:27 DEBUG    [VWAPCalc] 2025-04-16  VWAP=1233.50  SD=1.8565
17:01:27 DEBUG    [VWAPCalc] 2025-04-16  VWAP=1233.52  SD=1.8584
17:01:27 DEBUG    [VWAPCalc] 2025-04-16  VWAP=1233.53  SD=1.8485
17:01:27 DEBUG    [VWAPCalc] 2025-04-16  VWAP=1233.54  SD=1.8331
17:01:27 DEBUG    [VWAPCalc] 2025-04-16  VWAP=1233.53  SD=1.8244
17:01:27 DEBUG    [VWAPCalc] 2025-04-16  VWAP=1233.52  SD=1.8183
17:01:27 DEBUG    [VWAPCalc] 2025-04-16  VWAP=1233.50  SD=1.8209
17:01:27 DEBUG    [VWAPCalc] 2025-04-16  VWAP=1233.48  SD=1.8283
17:01:27 DEBUG    [VWAPCalc] 2025-04-16  VWAP=1233.46  SD=1.8297
17:01:27 DEBUG    [VWAPCalc] 2025-04-16  VWAP=1233.44  SD=1.8312
17:01:27 DEBUG    [VWAPCalc] 2025-04-16  VWAP=1233.43  SD=1.8349
17:01:27 DEBUG    [VWAPCalc] 2025-04-16  VWAP=1233.41  SD=1.8389
17:01:27 DEBUG    [VWAPCalc] 2025-04-16  VWAP=1233.38  SD=1.8462
17:01:27 DEBUG    [VWAPCalc] 2025-04-16  VWAP=1233.35  SD=1.8460
17:01:27 DEBUG    [VWAPCalc] 2025-04-16  VWAP=1233.35  SD=1.8382
17:01:27 DEBUG    [VWAPCalc] 2025-04-16  VWAP=1233.40  SD=1.8462
17:01:27 DEBUG    [VWAPCalc] 2025-04-16  VWAP=1233.48  SD=1.9128
17:01:27 DEBUG    [VWAPCalc] 2025-04-16  VWAP=1233.51  SD=1.9307
17:01:27 DEBUG    [VWAPCalc] 2025-04-16  VWAP=1233.55  SD=1.9543
17:01:27 DEBUG    [VWAPCalc] 2025-04-16  VWAP=1233.58  SD=1.9702
17:01:27 DEBUG    [VWAPCalc] 2025-04-16  VWAP=1233.61  SD=1.9980
17:01:27 DEBUG    [VWAPCalc] 2025-04-16  VWAP=1233.63  SD=2.0126
17:01:27 DEBUG    [VWAPCalc] 2025-04-16  VWAP=1233.65  SD=2.0247
17:01:27 DEBUG    [VWAPCalc] 2025-04-16  VWAP=1233.70  SD=2.0606
17:01:27 DEBUG    [VWAPCalc] 2025-04-16  VWAP=1233.78  SD=2.1394
17:01:27 DEBUG    [VWAPCalc] 2025-04-16  VWAP=1233.87  SD=2.2391
17:01:27 DEBUG    [VWAPCalc] 2025-04-16  VWAP=1233.89  SD=2.2627
17:01:27 DEBUG    [VWAPCalc] 2025-04-16  VWAP=1233.93  SD=2.2840
17:01:27 DEBUG    [VWAPCalc] 2025-04-16  VWAP=1233.96  SD=2.2987
17:01:27 DEBUG    [VWAPCalc] 2025-04-16  VWAP=1233.97  SD=2.3069
17:01:27 DEBUG    [VWAPCalc] 2025-04-16  VWAP=1234.00  SD=2.3240
17:01:27 DEBUG    [VWAPCalc] 2025-04-16  VWAP=1234.03  SD=2.3347
17:01:27 DEBUG    [VWAPCalc] 2025-04-16  VWAP=1234.07  SD=2.3504
17:01:27 DEBUG    [VWAPCalc] 2025-04-16  VWAP=1234.12  SD=2.3852
17:01:27 DEBUG    [VWAPCalc] 2025-04-16  VWAP=1234.16  SD=2.4123
17:01:27 DEBUG    [VWAPCalc] 2025-04-16  VWAP=1234.27  SD=2.5111
17:01:27 DEBUG    [VWAPCalc] 2025-04-16  VWAP=1234.52  SD=2.7447
17:01:27 DEBUG    [VWAPCalc] 2025-04-16  VWAP=1234.71  SD=2.9038
17:01:27 DEBUG    [VWAPCalc] 2025-04-16  VWAP=1234.95  SD=3.0683
17:01:27 DEBUG    [VWAPCalc] 2025-04-16  VWAP=1235.21  SD=3.1741
17:01:27 DEBUG    [VWAPCalc] 2025-04-16  VWAP=1235.36  SD=3.1557
17:01:27 DEBUG    [VWAPCalc] 2025-04-16  VWAP=1235.42  SD=3.1385
17:01:27 DEBUG    [VWAPCalc] 2025-04-16  VWAP=1235.51  SD=3.1375
17:01:27 DEBUG    [VWAPCalc] 2025-04-16  VWAP=1235.60  SD=3.1483
17:01:27 DEBUG    [VWAPCalc] 2025-04-16  VWAP=1235.67  SD=3.1433
17:01:27 DEBUG    [VWAPCalc] 2025-04-16  VWAP=1235.71  SD=3.1247
17:01:27 DEBUG    [VWAPCalc] 2025-04-16  VWAP=1235.71  SD=3.0335
17:01:27 DEBUG    [VWAPCalc] 2025-04-16  VWAP=1235.66  SD=3.0230
17:01:27 DEBUG    [VWAPCalc] 2025-04-16  VWAP=1235.51  SD=3.1212
17:01:27 DEBUG    [VWAPCalc] 2025-04-16  VWAP=1235.44  SD=3.1694
17:01:27 DEBUG    [VWAPCalc] 2025-04-16  VWAP=1235.33  SD=3.2580
17:01:27 DEBUG    [VWAPCalc] 2025-04-17  VWAP=1229.40  SD=0.0000
17:01:27 DEBUG    [VWAPCalc] 2025-04-17  VWAP=1229.51  SD=0.1166
17:01:27 DEBUG    [VWAPCalc] 2025-04-17  VWAP=1229.78  SD=0.4498
17:01:27 DEBUG    [VWAPCalc] 2025-04-17  VWAP=1230.01  SD=0.6375
17:01:27 DEBUG    [VWAPCalc] 2025-04-17  VWAP=1230.29  SD=0.9113
17:01:27 DEBUG    [VWAPCalc] 2025-04-17  VWAP=1230.63  SD=1.1441
17:01:27 DEBUG    [VWAPCalc] 2025-04-17  VWAP=1230.78  SD=1.1956
17:01:27 DEBUG    [VWAPCalc] 2025-04-17  VWAP=1230.89  SD=1.2423
17:01:27 DEBUG    [VWAPCalc] 2025-04-17  VWAP=1230.94  SD=1.2169
17:01:27 DEBUG    [VWAPCalc] 2025-04-17  VWAP=1230.95  SD=1.1874
17:01:27 DEBUG    [VWAPCalc] 2025-04-17  VWAP=1230.95  SD=1.1672
17:01:27 DEBUG    [VWAPCalc] 2025-04-17  VWAP=1230.96  SD=1.1373
17:01:27 DEBUG    [VWAPCalc] 2025-04-17  VWAP=1230.93  SD=1.1066
17:01:27 DEBUG    [VWAPCalc] 2025-04-17  VWAP=1230.65  SD=1.2455
17:01:27 DEBUG    [VWAPCalc] 2025-04-17  VWAP=1230.58  SD=1.2355
17:01:27 DEBUG    [VWAPCalc] 2025-04-17  VWAP=1230.56  SD=1.2078
17:01:27 DEBUG    [VWAPCalc] 2025-04-17  VWAP=1230.52  SD=1.1791
17:01:27 DEBUG    [VWAPCalc] 2025-04-17  VWAP=1230.51  SD=1.1450
17:01:27 DEBUG    [VWAPCalc] 2025-04-17  VWAP=1230.55  SD=1.1380
17:01:27 DEBUG    [VWAPCalc] 2025-04-17  VWAP=1230.60  SD=1.1503
17:01:27 DEBUG    [VWAPCalc] 2025-04-17  VWAP=1230.76  SD=1.2745
17:01:27 DEBUG    [VWAPCalc] 2025-04-17  VWAP=1230.85  SD=1.3406
17:01:27 DEBUG    [VWAPCalc] 2025-04-17  VWAP=1230.90  SD=1.3630
17:01:27 DEBUG    [VWAPCalc] 2025-04-17  VWAP=1231.00  SD=1.4383
17:01:27 DEBUG    [VWAPCalc] 2025-04-17  VWAP=1231.19  SD=1.6225
17:01:27 DEBUG    [VWAPCalc] 2025-04-17  VWAP=1231.34  SD=1.7741
17:01:27 DEBUG    [VWAPCalc] 2025-04-17  VWAP=1231.74  SD=2.2221
17:01:27 DEBUG    [VWAPCalc] 2025-04-17  VWAP=1232.09  SD=2.5702
17:01:27 DEBUG    [VWAPCalc] 2025-04-17  VWAP=1232.50  SD=2.9128
17:01:27 DEBUG    [VWAPCalc] 2025-04-17  VWAP=1232.70  SD=3.0127
17:01:27 DEBUG    [VWAPCalc] 2025-04-17  VWAP=1233.22  SD=3.2487
17:01:27 DEBUG    [VWAPCalc] 2025-04-17  VWAP=1233.49  SD=3.3299
17:01:27 DEBUG    [VWAPCalc] 2025-04-17  VWAP=1233.65  SD=3.4202
17:01:27 DEBUG    [VWAPCalc] 2025-04-17  VWAP=1234.07  SD=3.7240
17:01:27 DEBUG    [VWAPCalc] 2025-04-17  VWAP=1234.36  SD=3.9277
17:01:27 DEBUG    [VWAPCalc] 2025-04-17  VWAP=1234.92  SD=4.4972
17:01:27 DEBUG    [VWAPCalc] 2025-04-17  VWAP=1235.23  SD=4.7949
17:01:27 DEBUG    [VWAPCalc] 2025-04-17  VWAP=1235.33  SD=4.8692
17:01:27 DEBUG    [VWAPCalc] 2025-04-17  VWAP=1235.47  SD=4.9645
17:01:27 DEBUG    [VWAPCalc] 2025-04-17  VWAP=1235.91  SD=5.3153
17:01:27 DEBUG    [VWAPCalc] 2025-04-17  VWAP=1236.35  SD=5.6584
17:01:27 DEBUG    [VWAPCalc] 2025-04-17  VWAP=1236.81  SD=6.0154
17:01:27 DEBUG    [VWAPCalc] 2025-04-17  VWAP=1237.54  SD=6.5471
17:01:27 DEBUG    [VWAPCalc] 2025-04-17  VWAP=1237.78  SD=6.7044
17:01:27 DEBUG    [VWAPCalc] 2025-04-17  VWAP=1238.64  SD=7.3047
17:01:27 DEBUG    [VWAPCalc] 2025-04-17  VWAP=1239.28  SD=7.7298
17:01:27 DEBUG    [VWAPCalc] 2025-04-17  VWAP=1239.80  SD=8.0673
17:01:27 DEBUG    [VWAPCalc] 2025-04-17  VWAP=1240.72  SD=8.6840
17:01:27 DEBUG    [VWAPCalc] 2025-04-17  VWAP=1241.24  SD=8.9386
17:01:27 DEBUG    [VWAPCalc] 2025-04-17  VWAP=1241.87  SD=9.2356
17:01:27 DEBUG    [VWAPCalc] 2025-04-17  VWAP=1242.26  SD=9.4065
17:01:27 DEBUG    [VWAPCalc] 2025-04-17  VWAP=1242.52  SD=9.5224
17:01:27 DEBUG    [VWAPCalc] 2025-04-17  VWAP=1242.92  SD=9.7189
17:01:27 DEBUG    [VWAPCalc] 2025-04-17  VWAP=1243.41  SD=9.9639
17:01:27 DEBUG    [VWAPCalc] 2025-04-17  VWAP=1243.72  SD=10.0973
17:01:27 DEBUG    [VWAPCalc] 2025-04-17  VWAP=1244.14  SD=10.2967
17:01:27 DEBUG    [VWAPCalc] 2025-04-17  VWAP=1244.42  SD=10.4230
17:01:27 DEBUG    [VWAPCalc] 2025-04-17  VWAP=1244.80  SD=10.5882
17:01:27 DEBUG    [VWAPCalc] 2025-04-17  VWAP=1245.00  SD=10.6718
17:01:27 DEBUG    [VWAPCalc] 2025-04-17  VWAP=1245.47  SD=10.8853
17:01:27 DEBUG    [VWAPCalc] 2025-04-17  VWAP=1245.88  SD=11.0827
17:01:27 DEBUG    [VWAPCalc] 2025-04-17  VWAP=1246.46  SD=11.3682
17:01:27 DEBUG    [VWAPCalc] 2025-04-17  VWAP=1246.71  SD=11.4555
17:01:27 DEBUG    [VWAPCalc] 2025-04-17  VWAP=1246.96  SD=11.5361
17:01:27 DEBUG    [VWAPCalc] 2025-04-17  VWAP=1247.16  SD=11.6035
17:01:27 DEBUG    [VWAPCalc] 2025-04-17  VWAP=1247.34  SD=11.6632
17:01:27 DEBUG    [VWAPCalc] 2025-04-17  VWAP=1247.53  SD=11.7296
17:01:27 DEBUG    [VWAPCalc] 2025-04-17  VWAP=1247.71  SD=11.7903
17:01:27 DEBUG    [VWAPCalc] 2025-04-17  VWAP=1247.81  SD=11.8183
17:01:27 DEBUG    [VWAPCalc] 2025-04-17  VWAP=1248.09  SD=11.8965
17:01:27 DEBUG    [VWAPCalc] 2025-04-17  VWAP=1248.20  SD=11.9241
17:01:27 DEBUG    [VWAPCalc] 2025-04-17  VWAP=1248.34  SD=11.9571
17:01:27 DEBUG    [VWAPCalc] 2025-04-17  VWAP=1248.50  SD=12.0040
17:01:27 DEBUG    [VWAPCalc] 2025-04-17  VWAP=1248.90  SD=12.1401
17:01:27 DEBUG    [VWAPCalc] 2025-04-17  VWAP=1249.27  SD=12.2813
17:01:27 DEBUG    [VWAPCalc] 2025-04-17  VWAP=1249.54  SD=12.3770
17:01:27 DEBUG    [VWAPCalc] 2025-04-17  VWAP=1249.73  SD=12.4396
17:01:27 DEBUG    [VWAPCalc] 2025-04-17  VWAP=1249.98  SD=12.5108
17:01:27 DEBUG    [VWAPCalc] 2025-04-17  VWAP=1250.09  SD=12.5434
17:01:27 DEBUG    [VWAPCalc] 2025-04-17  VWAP=1250.26  SD=12.5927
17:01:27 DEBUG    [VWAPCalc] 2025-04-17  VWAP=1250.79  SD=12.7558
17:01:27 DEBUG    [VWAPCalc] 2025-04-17  VWAP=1250.96  SD=12.8020
17:01:27 DEBUG    [VWAPCalc] 2025-04-17  VWAP=1251.20  SD=12.8721
17:01:27 DEBUG    [VWAPCalc] 2025-04-17  VWAP=1251.85  SD=13.0718
17:01:27 DEBUG    [VWAPCalc] 2025-04-17  VWAP=1252.09  SD=13.1466
17:01:27 DEBUG    [VWAPCalc] 2025-04-17  VWAP=1252.45  SD=13.2615
17:01:27 DEBUG    [VWAPCalc] 2025-04-17  VWAP=1254.07  SD=13.9939
17:01:27 DEBUG    [VWAPCalc] 2025-04-17  VWAP=1254.55  SD=14.1412
17:01:27 DEBUG    [VWAPCalc] 2025-04-17  VWAP=1254.75  SD=14.1920
17:01:27 DEBUG    [VWAPCalc] 2025-04-17  VWAP=1255.00  SD=14.2618
17:01:27 DEBUG    [VWAPCalc] 2025-04-17  VWAP=1255.31  SD=14.3667
17:01:27 DEBUG    [VWAPCalc] 2025-04-17  VWAP=1255.48  SD=14.4169
17:01:27 DEBUG    [VWAPCalc] 2025-04-17  VWAP=1255.74  SD=14.4998
17:01:27 DEBUG    [VWAPCalc] 2025-04-17  VWAP=1256.12  SD=14.6385
17:01:27 DEBUG    [VWAPCalc] 2025-04-17  VWAP=1256.49  SD=14.7442
17:01:27 DEBUG    [VWAPCalc] 2025-04-17  VWAP=1257.16  SD=14.8965
17:01:27 DEBUG    [VWAPCalc] 2025-04-17  VWAP=1257.39  SD=14.9359
17:01:27 DEBUG    [VWAPCalc] 2025-04-17  VWAP=1257.58  SD=14.9557
17:01:27 DEBUG    [VWAPCalc] 2025-04-17  VWAP=1257.80  SD=14.9914
17:01:27 DEBUG    [VWAPCalc] 2025-04-17  VWAP=1257.95  SD=15.0161
17:01:27 DEBUG    [VWAPCalc] 2025-04-17  VWAP=1258.06  SD=15.0349
17:01:27 DEBUG    [VWAPCalc] 2025-04-17  VWAP=1258.92  SD=15.2495
17:01:27 DEBUG    [VWAPCalc] 2025-04-17  VWAP=1259.20  SD=15.2908
17:01:27 DEBUG    [VWAPCalc] 2025-04-17  VWAP=1259.40  SD=15.3244
17:01:27 DEBUG    [VWAPCalc] 2025-04-17  VWAP=1259.54  SD=15.3462
17:01:27 DEBUG    [VWAPCalc] 2025-04-17  VWAP=1259.72  SD=15.3649
17:01:27 DEBUG    [VWAPCalc] 2025-04-17  VWAP=1259.85  SD=15.3806
17:01:27 DEBUG    [VWAPCalc] 2025-04-17  VWAP=1260.03  SD=15.3960
17:01:27 DEBUG    [VWAPCalc] 2025-04-17  VWAP=1260.19  SD=15.4101
17:01:27 DEBUG    [VWAPCalc] 2025-04-17  VWAP=1260.43  SD=15.4303
17:01:27 DEBUG    [VWAPCalc] 2025-04-17  VWAP=1260.76  SD=15.4240
17:01:27 DEBUG    [VWAPCalc] 2025-04-17  VWAP=1261.00  SD=15.4026
17:01:27 DEBUG    [VWAPCalc] 2025-04-17  VWAP=1261.22  SD=15.3730
17:01:27 DEBUG    [VWAPCalc] 2025-04-17  VWAP=1261.40  SD=15.3437
17:01:27 DEBUG    [VWAPCalc] 2025-04-17  VWAP=1261.62  SD=15.2859
17:01:27 DEBUG    [VWAPCalc] 2025-04-17  VWAP=1261.81  SD=15.2467
17:01:27 DEBUG    [VWAPCalc] 2025-04-17  VWAP=1262.02  SD=15.2050
17:01:27 DEBUG    [VWAPCalc] 2025-04-17  VWAP=1262.15  SD=15.1745
17:01:27 DEBUG    [VWAPCalc] 2025-04-17  VWAP=1262.33  SD=15.1352
17:01:27 DEBUG    [VWAPCalc] 2025-04-17  VWAP=1262.45  SD=15.0922
17:01:27 DEBUG    [VWAPCalc] 2025-04-14  VWAP=3290.00  SD=0.0000
17:01:27 DEBUG    [VWAPCalc] 2025-04-14  VWAP=3289.62  SD=0.7522
17:01:27 DEBUG    [VWAPCalc] 2025-04-14  VWAP=3289.91  SD=0.9463
17:01:27 DEBUG    [VWAPCalc] 2025-04-14  VWAP=3289.70  SD=1.1625
17:01:27 DEBUG    [VWAPCalc] 2025-04-14  VWAP=3289.46  SD=1.3485
17:01:27 DEBUG    [VWAPCalc] 2025-04-15  VWAP=3276.20  SD=0.0000
17:01:27 DEBUG    [VWAPCalc] 2025-04-15  VWAP=3274.65  SD=1.6155
17:01:27 DEBUG    [VWAPCalc] 2025-04-15  VWAP=3275.20  SD=1.5437
17:01:27 DEBUG    [VWAPCalc] 2025-04-15  VWAP=3275.75  SD=1.8470
17:01:27 DEBUG    [VWAPCalc] 2025-04-15  VWAP=3276.28  SD=2.1453
17:01:27 DEBUG    [VWAPCalc] 2025-04-15  VWAP=3276.64  SD=2.2209
17:01:27 DEBUG    [VWAPCalc] 2025-04-15  VWAP=3277.33  SD=2.3725
17:01:27 DEBUG    [VWAPCalc] 2025-04-15  VWAP=3277.42  SD=2.3282
17:01:27 DEBUG    [VWAPCalc] 2025-04-15  VWAP=3276.63  SD=2.8828
17:01:27 DEBUG    [VWAPCalc] 2025-04-15  VWAP=3275.58  SD=3.9630
17:01:27 DEBUG    [VWAPCalc] 2025-04-15  VWAP=3274.96  SD=4.4094
17:01:27 DEBUG    [VWAPCalc] 2025-04-15  VWAP=3273.17  SD=6.1508
17:01:27 DEBUG    [VWAPCalc] 2025-04-15  VWAP=3272.35  SD=6.9423
17:01:27 DEBUG    [VWAPCalc] 2025-04-15  VWAP=3270.80  SD=8.3976
17:01:27 DEBUG    [VWAPCalc] 2025-04-15  VWAP=3269.69  SD=9.3285
17:01:27 DEBUG    [VWAPCalc] 2025-04-15  VWAP=3268.70  SD=9.8538
17:01:27 DEBUG    [VWAPCalc] 2025-04-15  VWAP=3268.02  SD=10.0491
17:01:27 DEBUG    [VWAPCalc] 2025-04-15  VWAP=3267.53  SD=10.0594
17:01:27 DEBUG    [VWAPCalc] 2025-04-15  VWAP=3267.03  SD=9.9948
17:01:27 DEBUG    [VWAPCalc] 2025-04-15  VWAP=3266.71  SD=9.8980
17:01:27 DEBUG    [VWAPCalc] 2025-04-15  VWAP=3266.51  SD=9.8874
17:01:27 DEBUG    [VWAPCalc] 2025-04-15  VWAP=3266.06  SD=9.9664
17:01:27 DEBUG    [VWAPCalc] 2025-04-15  VWAP=3265.65  SD=10.0714
17:01:27 DEBUG    [VWAPCalc] 2025-04-15  VWAP=3265.33  SD=10.0437
17:01:27 DEBUG    [VWAPCalc] 2025-04-15  VWAP=3265.16  SD=10.0322
17:01:27 DEBUG    [VWAPCalc] 2025-04-15  VWAP=3264.97  SD=9.9590
17:01:27 DEBUG    [VWAPCalc] 2025-04-15  VWAP=3264.87  SD=9.8568
17:01:27 DEBUG    [VWAPCalc] 2025-04-15  VWAP=3264.77  SD=9.8157
17:01:27 DEBUG    [VWAPCalc] 2025-04-15  VWAP=3264.65  SD=9.7662
17:01:27 DEBUG    [VWAPCalc] 2025-04-15  VWAP=3264.48  SD=9.7437
17:01:27 DEBUG    [VWAPCalc] 2025-04-15  VWAP=3264.40  SD=9.7060
17:01:27 DEBUG    [VWAPCalc] 2025-04-15  VWAP=3264.28  SD=9.6720
17:01:27 DEBUG    [VWAPCalc] 2025-04-15  VWAP=3264.18  SD=9.6337
17:01:27 DEBUG    [VWAPCalc] 2025-04-15  VWAP=3264.06  SD=9.6364
17:01:27 DEBUG    [VWAPCalc] 2025-04-15  VWAP=3263.89  SD=9.6735
17:01:27 DEBUG    [VWAPCalc] 2025-04-15  VWAP=3263.49  SD=9.8246
17:01:27 DEBUG    [VWAPCalc] 2025-04-15  VWAP=3263.31  SD=9.8368
17:01:27 DEBUG    [VWAPCalc] 2025-04-15  VWAP=3263.16  SD=9.8312
17:01:27 DEBUG    [VWAPCalc] 2025-04-15  VWAP=3262.99  SD=9.8133
17:01:27 DEBUG    [VWAPCalc] 2025-04-15  VWAP=3262.83  SD=9.7819
17:01:27 DEBUG    [VWAPCalc] 2025-04-15  VWAP=3262.50  SD=9.8005
17:01:27 DEBUG    [VWAPCalc] 2025-04-15  VWAP=3262.36  SD=9.8166
17:01:27 DEBUG    [VWAPCalc] 2025-04-15  VWAP=3262.15  SD=9.8429
17:01:27 DEBUG    [VWAPCalc] 2025-04-15  VWAP=3261.88  SD=9.9055
17:01:27 DEBUG    [VWAPCalc] 2025-04-15  VWAP=3261.52  SD=10.0879
17:01:27 DEBUG    [VWAPCalc] 2025-04-15  VWAP=3261.16  SD=10.2725
17:01:27 DEBUG    [VWAPCalc] 2025-04-15  VWAP=3260.75  SD=10.4860
17:01:27 DEBUG    [VWAPCalc] 2025-04-15  VWAP=3260.17  SD=10.8290
17:01:27 DEBUG    [VWAPCalc] 2025-04-15  VWAP=3259.90  SD=10.9507
17:01:27 DEBUG    [VWAPCalc] 2025-04-15  VWAP=3259.62  SD=11.0939
17:01:27 DEBUG    [VWAPCalc] 2025-04-15  VWAP=3259.38  SD=11.1997
17:01:27 DEBUG    [VWAPCalc] 2025-04-15  VWAP=3259.19  SD=11.2705
17:01:27 DEBUG    [VWAPCalc] 2025-04-15  VWAP=3258.82  SD=11.2832
17:01:27 DEBUG    [VWAPCalc] 2025-04-15  VWAP=3258.69  SD=11.0842
17:01:27 DEBUG    [VWAPCalc] 2025-04-15  VWAP=3258.64  SD=11.0196
17:01:27 DEBUG    [VWAPCalc] 2025-04-15  VWAP=3258.58  SD=10.9662
17:01:27 DEBUG    [VWAPCalc] 2025-04-15  VWAP=3258.51  SD=10.7845
17:01:27 DEBUG    [VWAPCalc] 2025-04-15  VWAP=3258.46  SD=10.6620
17:01:27 DEBUG    [VWAPCalc] 2025-04-15  VWAP=3258.44  SD=10.5840
17:01:27 DEBUG    [VWAPCalc] 2025-04-15  VWAP=3258.45  SD=10.5270
17:01:27 DEBUG    [VWAPCalc] 2025-04-15  VWAP=3258.44  SD=10.4825
17:01:27 DEBUG    [VWAPCalc] 2025-04-15  VWAP=3258.44  SD=10.3554
17:01:27 DEBUG    [VWAPCalc] 2025-04-15  VWAP=3258.52  SD=10.2350
17:01:27 DEBUG    [VWAPCalc] 2025-04-15  VWAP=3258.54  SD=10.1779
17:01:27 DEBUG    [VWAPCalc] 2025-04-15  VWAP=3258.55  SD=10.0881
17:01:27 DEBUG    [VWAPCalc] 2025-04-15  VWAP=3258.59  SD=10.0234
17:01:27 DEBUG    [VWAPCalc] 2025-04-15  VWAP=3258.64  SD=9.9527
17:01:27 DEBUG    [VWAPCalc] 2025-04-15  VWAP=3258.64  SD=9.8967
17:01:27 DEBUG    [VWAPCalc] 2025-04-15  VWAP=3258.63  SD=9.8461
17:01:27 DEBUG    [VWAPCalc] 2025-04-15  VWAP=3258.62  SD=9.7863
17:01:27 DEBUG    [VWAPCalc] 2025-04-15  VWAP=3258.62  SD=9.7033
17:01:27 DEBUG    [VWAPCalc] 2025-04-15  VWAP=3258.62  SD=9.6488
17:01:27 DEBUG    [VWAPCalc] 2025-04-15  VWAP=3258.60  SD=9.6073
17:01:27 DEBUG    [VWAPCalc] 2025-04-15  VWAP=3258.59  SD=9.5781
17:01:27 DEBUG    [VWAPCalc] 2025-04-15  VWAP=3258.58  SD=9.5543
17:01:27 DEBUG    [VWAPCalc] 2025-04-15  VWAP=3258.57  SD=9.5361
17:01:27 DEBUG    [VWAPCalc] 2025-04-15  VWAP=3258.50  SD=9.4942
17:01:27 DEBUG    [VWAPCalc] 2025-04-15  VWAP=3258.45  SD=9.4689
17:01:27 DEBUG    [VWAPCalc] 2025-04-15  VWAP=3258.41  SD=9.4325
17:01:27 DEBUG    [VWAPCalc] 2025-04-15  VWAP=3258.40  SD=9.4157
17:01:27 DEBUG    [VWAPCalc] 2025-04-15  VWAP=3257.91  SD=9.1818
17:01:27 DEBUG    [VWAPCalc] 2025-04-15  VWAP=3257.88  SD=9.1664
17:01:27 DEBUG    [VWAPCalc] 2025-04-15  VWAP=3257.86  SD=9.1559
17:01:27 DEBUG    [VWAPCalc] 2025-04-15  VWAP=3257.82  SD=9.1475
17:01:27 DEBUG    [VWAPCalc] 2025-04-15  VWAP=3257.71  SD=9.1087
17:01:27 DEBUG    [VWAPCalc] 2025-04-15  VWAP=3257.59  SD=9.0645
17:01:27 DEBUG    [VWAPCalc] 2025-04-15  VWAP=3257.55  SD=9.0498
17:01:27 DEBUG    [VWAPCalc] 2025-04-15  VWAP=3257.49  SD=9.0370
17:01:27 DEBUG    [VWAPCalc] 2025-04-15  VWAP=3257.38  SD=9.0361
17:01:27 DEBUG    [VWAPCalc] 2025-04-15  VWAP=3257.31  SD=9.0403
17:01:27 DEBUG    [VWAPCalc] 2025-04-15  VWAP=3257.17  SD=9.0641
17:01:27 DEBUG    [VWAPCalc] 2025-04-15  VWAP=3257.03  SD=9.1111
17:01:27 DEBUG    [VWAPCalc] 2025-04-15  VWAP=3256.88  SD=9.1129
17:01:27 DEBUG    [VWAPCalc] 2025-04-15  VWAP=3256.67  SD=9.1359
17:01:27 DEBUG    [VWAPCalc] 2025-04-15  VWAP=3256.56  SD=9.1535
17:01:27 DEBUG    [VWAPCalc] 2025-04-15  VWAP=3256.47  SD=9.1349
17:01:27 DEBUG    [VWAPCalc] 2025-04-15  VWAP=3256.43  SD=9.1138
17:01:27 DEBUG    [VWAPCalc] 2025-04-15  VWAP=3256.36  SD=9.0328
17:01:27 DEBUG    [VWAPCalc] 2025-04-15  VWAP=3256.34  SD=9.0008
17:01:27 DEBUG    [VWAPCalc] 2025-04-15  VWAP=3256.29  SD=8.9362
17:01:27 DEBUG    [VWAPCalc] 2025-04-15  VWAP=3256.22  SD=8.9076
17:01:27 DEBUG    [VWAPCalc] 2025-04-15  VWAP=3256.17  SD=8.8946
17:01:27 DEBUG    [VWAPCalc] 2025-04-15  VWAP=3256.14  SD=8.8845
17:01:27 DEBUG    [VWAPCalc] 2025-04-15  VWAP=3256.05  SD=8.8510
17:01:27 DEBUG    [VWAPCalc] 2025-04-15  VWAP=3255.97  SD=8.8118
17:01:27 DEBUG    [VWAPCalc] 2025-04-15  VWAP=3255.92  SD=8.7990
17:01:27 DEBUG    [VWAPCalc] 2025-04-15  VWAP=3255.77  SD=8.7555
17:01:27 DEBUG    [VWAPCalc] 2025-04-15  VWAP=3255.51  SD=8.7851
17:01:27 DEBUG    [VWAPCalc] 2025-04-15  VWAP=3255.23  SD=8.8457
17:01:27 DEBUG    [VWAPCalc] 2025-04-15  VWAP=3255.09  SD=8.8790
17:01:27 DEBUG    [VWAPCalc] 2025-04-15  VWAP=3254.81  SD=8.9115
17:01:27 DEBUG    [VWAPCalc] 2025-04-15  VWAP=3254.56  SD=8.8995
17:01:27 DEBUG    [VWAPCalc] 2025-04-15  VWAP=3254.32  SD=8.8924
17:01:27 DEBUG    [VWAPCalc] 2025-04-15  VWAP=3254.01  SD=8.8211
17:01:27 DEBUG    [VWAPCalc] 2025-04-15  VWAP=3253.83  SD=8.7576
17:01:27 DEBUG    [VWAPCalc] 2025-04-15  VWAP=3253.66  SD=8.6145
17:01:27 DEBUG    [VWAPCalc] 2025-04-15  VWAP=3253.51  SD=8.4788
17:01:27 DEBUG    [VWAPCalc] 2025-04-15  VWAP=3253.39  SD=8.3959
17:01:27 DEBUG    [VWAPCalc] 2025-04-15  VWAP=3253.32  SD=8.3174
17:01:27 DEBUG    [VWAPCalc] 2025-04-15  VWAP=3253.32  SD=8.2587
17:01:27 DEBUG    [VWAPCalc] 2025-04-15  VWAP=3253.09  SD=8.2573
17:01:27 DEBUG    [VWAPCalc] 2025-04-15  VWAP=3253.04  SD=8.2192
17:01:27 DEBUG    [VWAPCalc] 2025-04-15  VWAP=3253.03  SD=8.1964
17:01:27 DEBUG    [VWAPCalc] 2025-04-15  VWAP=3253.06  SD=8.1731
17:01:27 DEBUG    [VWAPCalc] 2025-04-15  VWAP=3253.17  SD=8.2057
17:01:27 DEBUG    [VWAPCalc] 2025-04-16  VWAP=3267.63  SD=0.0000
17:01:27 DEBUG    [VWAPCalc] 2025-04-16  VWAP=3266.16  SD=0.7600
17:01:27 DEBUG    [VWAPCalc] 2025-04-16  VWAP=3266.79  SD=0.9287
17:01:27 DEBUG    [VWAPCalc] 2025-04-16  VWAP=3265.97  SD=2.4926
17:01:27 DEBUG    [VWAPCalc] 2025-04-16  VWAP=3265.17  SD=3.3071
17:01:27 DEBUG    [VWAPCalc] 2025-04-16  VWAP=3264.27  SD=4.4096
17:01:27 DEBUG    [VWAPCalc] 2025-04-16  VWAP=3262.84  SD=6.1802
17:01:27 DEBUG    [VWAPCalc] 2025-04-16  VWAP=3262.03  SD=6.7704
17:01:27 DEBUG    [VWAPCalc] 2025-04-16  VWAP=3261.38  SD=7.2055
17:01:27 DEBUG    [VWAPCalc] 2025-04-16  VWAP=3260.60  SD=7.7286
17:01:27 DEBUG    [VWAPCalc] 2025-04-16  VWAP=3260.27  SD=7.8957
17:01:27 DEBUG    [VWAPCalc] 2025-04-16  VWAP=3259.84  SD=8.1555
17:01:27 DEBUG    [VWAPCalc] 2025-04-16  VWAP=3259.25  SD=8.5061
17:01:27 DEBUG    [VWAPCalc] 2025-04-16  VWAP=3258.72  SD=8.7260
17:01:27 DEBUG    [VWAPCalc] 2025-04-16  VWAP=3258.41  SD=8.8537
17:01:27 DEBUG    [VWAPCalc] 2025-04-16  VWAP=3257.65  SD=9.2865
17:01:27 DEBUG    [VWAPCalc] 2025-04-16  VWAP=3257.16  SD=9.5073
17:01:27 DEBUG    [VWAPCalc] 2025-04-16  VWAP=3256.46  SD=9.8378
17:01:27 DEBUG    [VWAPCalc] 2025-04-16  VWAP=3256.05  SD=10.0082
17:01:27 DEBUG    [VWAPCalc] 2025-04-16  VWAP=3255.71  SD=10.1160
17:01:27 DEBUG    [VWAPCalc] 2025-04-16  VWAP=3254.91  SD=10.3925
17:01:27 DEBUG    [VWAPCalc] 2025-04-16  VWAP=3254.58  SD=10.4792
17:01:27 DEBUG    [VWAPCalc] 2025-04-16  VWAP=3254.08  SD=10.5973
17:01:27 DEBUG    [VWAPCalc] 2025-04-16  VWAP=3253.82  SD=10.5630
17:01:27 DEBUG    [VWAPCalc] 2025-04-16  VWAP=3253.68  SD=10.5256
17:01:27 DEBUG    [VWAPCalc] 2025-04-16  VWAP=3253.62  SD=10.5087
17:01:27 DEBUG    [VWAPCalc] 2025-04-16  VWAP=3253.44  SD=10.4200
17:01:27 DEBUG    [VWAPCalc] 2025-04-16  VWAP=3253.31  SD=10.2983
17:01:27 DEBUG    [VWAPCalc] 2025-04-16  VWAP=3253.21  SD=10.2570
17:01:27 DEBUG    [VWAPCalc] 2025-04-16  VWAP=3253.07  SD=10.2063
17:01:27 DEBUG    [VWAPCalc] 2025-04-16  VWAP=3252.77  SD=10.1267
17:01:27 DEBUG    [VWAPCalc] 2025-04-16  VWAP=3252.35  SD=10.0846
17:01:27 DEBUG    [VWAPCalc] 2025-04-16  VWAP=3252.16  SD=10.0069
17:01:27 DEBUG    [VWAPCalc] 2025-04-16  VWAP=3252.05  SD=9.9185
17:01:27 DEBUG    [VWAPCalc] 2025-04-16  VWAP=3251.96  SD=9.8401
17:01:27 DEBUG    [VWAPCalc] 2025-04-16  VWAP=3251.88  SD=9.7381
17:01:27 DEBUG    [VWAPCalc] 2025-04-16  VWAP=3251.86  SD=9.6935
17:01:27 DEBUG    [VWAPCalc] 2025-04-16  VWAP=3251.81  SD=9.6128
17:01:27 DEBUG    [VWAPCalc] 2025-04-16  VWAP=3251.79  SD=9.5718
17:01:27 DEBUG    [VWAPCalc] 2025-04-16  VWAP=3251.79  SD=9.4933
17:01:27 DEBUG    [VWAPCalc] 2025-04-16  VWAP=3251.80  SD=9.1282
17:01:27 DEBUG    [VWAPCalc] 2025-04-16  VWAP=3251.82  SD=9.0861
17:01:27 DEBUG    [VWAPCalc] 2025-04-16  VWAP=3251.83  SD=9.0299
17:01:27 DEBUG    [VWAPCalc] 2025-04-16  VWAP=3251.83  SD=8.9945
17:01:27 DEBUG    [VWAPCalc] 2025-04-16  VWAP=3251.87  SD=8.9487
17:01:27 DEBUG    [VWAPCalc] 2025-04-16  VWAP=3252.01  SD=8.9146
17:01:27 DEBUG    [VWAPCalc] 2025-04-16  VWAP=3252.06  SD=8.8931
17:01:27 DEBUG    [VWAPCalc] 2025-04-16  VWAP=3252.09  SD=8.8727
17:01:27 DEBUG    [VWAPCalc] 2025-04-16  VWAP=3252.14  SD=8.8190
17:01:27 DEBUG    [VWAPCalc] 2025-04-16  VWAP=3252.17  SD=8.7857
17:01:27 DEBUG    [VWAPCalc] 2025-04-16  VWAP=3252.22  SD=8.7496
17:01:27 DEBUG    [VWAPCalc] 2025-04-16  VWAP=3252.29  SD=8.7219
17:01:27 DEBUG    [VWAPCalc] 2025-04-16  VWAP=3252.46  SD=8.7036
17:01:27 DEBUG    [VWAPCalc] 2025-04-16  VWAP=3252.55  SD=8.7124
17:01:27 DEBUG    [VWAPCalc] 2025-04-16  VWAP=3252.65  SD=8.7235
17:01:27 DEBUG    [VWAPCalc] 2025-04-16  VWAP=3252.84  SD=8.7615
17:01:27 DEBUG    [VWAPCalc] 2025-04-16  VWAP=3253.24  SD=8.8581
17:01:27 DEBUG    [VWAPCalc] 2025-04-16  VWAP=3253.72  SD=9.0627
17:01:27 DEBUG    [VWAPCalc] 2025-04-16  VWAP=3253.97  SD=9.1898
17:01:27 DEBUG    [VWAPCalc] 2025-04-16  VWAP=3254.15  SD=9.2518
17:01:27 DEBUG    [VWAPCalc] 2025-04-16  VWAP=3254.48  SD=9.3581
17:01:27 DEBUG    [VWAPCalc] 2025-04-16  VWAP=3254.56  SD=9.3733
17:01:27 DEBUG    [VWAPCalc] 2025-04-16  VWAP=3255.00  SD=9.5184
17:01:27 DEBUG    [VWAPCalc] 2025-04-16  VWAP=3255.08  SD=9.5368
17:01:27 DEBUG    [VWAPCalc] 2025-04-16  VWAP=3255.16  SD=9.5459
17:01:27 DEBUG    [VWAPCalc] 2025-04-16  VWAP=3255.31  SD=9.5424
17:01:27 DEBUG    [VWAPCalc] 2025-04-16  VWAP=3255.64  SD=9.5243
17:01:27 DEBUG    [VWAPCalc] 2025-04-16  VWAP=3255.75  SD=9.5248
17:01:27 DEBUG    [VWAPCalc] 2025-04-16  VWAP=3255.81  SD=9.5208
17:01:27 DEBUG    [VWAPCalc] 2025-04-16  VWAP=3255.90  SD=9.5157
17:01:27 DEBUG    [VWAPCalc] 2025-04-16  VWAP=3256.00  SD=9.4881
17:01:27 DEBUG    [VWAPCalc] 2025-04-16  VWAP=3256.13  SD=9.3972
17:01:27 DEBUG    [VWAPCalc] 2025-04-16  VWAP=3256.16  SD=9.3745
17:01:27 DEBUG    [VWAPCalc] 2025-04-16  VWAP=3256.24  SD=9.3200
17:01:27 DEBUG    [VWAPCalc] 2025-04-16  VWAP=3256.33  SD=9.3039
17:01:27 DEBUG    [VWAPCalc] 2025-04-16  VWAP=3256.52  SD=9.2628
17:01:27 DEBUG    [VWAPCalc] 2025-04-16  VWAP=3256.56  SD=9.2397
17:01:27 DEBUG    [VWAPCalc] 2025-04-16  VWAP=3256.59  SD=9.2077
17:01:27 DEBUG    [VWAPCalc] 2025-04-16  VWAP=3256.65  SD=9.1315
17:01:27 DEBUG    [VWAPCalc] 2025-04-16  VWAP=3256.76  SD=8.9655
17:01:27 DEBUG    [VWAPCalc] 2025-04-16  VWAP=3256.79  SD=8.9239
17:01:27 DEBUG    [VWAPCalc] 2025-04-16  VWAP=3256.81  SD=8.8615
17:01:27 DEBUG    [VWAPCalc] 2025-04-16  VWAP=3256.88  SD=8.7884
17:01:27 DEBUG    [VWAPCalc] 2025-04-16  VWAP=3256.88  SD=8.7736
17:01:27 DEBUG    [VWAPCalc] 2025-04-16  VWAP=3256.89  SD=8.7606
17:01:27 DEBUG    [VWAPCalc] 2025-04-16  VWAP=3256.90  SD=8.7341
17:01:27 DEBUG    [VWAPCalc] 2025-04-16  VWAP=3256.91  SD=8.7152
17:01:27 DEBUG    [VWAPCalc] 2025-04-16  VWAP=3256.91  SD=8.6992
17:01:27 DEBUG    [VWAPCalc] 2025-04-16  VWAP=3256.95  SD=8.6114
17:01:27 DEBUG    [VWAPCalc] 2025-04-16  VWAP=3257.20  SD=8.5070
17:01:27 DEBUG    [VWAPCalc] 2025-04-16  VWAP=3257.36  SD=8.5072
17:01:27 DEBUG    [VWAPCalc] 2025-04-16  VWAP=3257.42  SD=8.5038
17:01:27 DEBUG    [VWAPCalc] 2025-04-16  VWAP=3257.45  SD=8.5035
17:01:27 DEBUG    [VWAPCalc] 2025-04-16  VWAP=3257.62  SD=8.5414
17:01:27 DEBUG    [VWAPCalc] 2025-04-16  VWAP=3257.87  SD=8.6844
17:01:27 DEBUG    [VWAPCalc] 2025-04-16  VWAP=3257.94  SD=8.7151
17:01:27 DEBUG    [VWAPCalc] 2025-04-16  VWAP=3258.01  SD=8.7460
17:01:27 DEBUG    [VWAPCalc] 2025-04-16  VWAP=3258.34  SD=8.9729
17:01:27 DEBUG    [VWAPCalc] 2025-04-16  VWAP=3258.49  SD=9.0766
17:01:27 DEBUG    [VWAPCalc] 2025-04-16  VWAP=3258.63  SD=9.1735
17:01:27 DEBUG    [VWAPCalc] 2025-04-16  VWAP=3258.72  SD=9.2253
17:01:27 DEBUG    [VWAPCalc] 2025-04-16  VWAP=3258.80  SD=9.2538
17:01:27 DEBUG    [VWAPCalc] 2025-04-16  VWAP=3259.02  SD=9.3500
17:01:27 DEBUG    [VWAPCalc] 2025-04-16  VWAP=3259.20  SD=9.4362
17:01:27 DEBUG    [VWAPCalc] 2025-04-16  VWAP=3259.32  SD=9.4814
17:01:27 DEBUG    [VWAPCalc] 2025-04-16  VWAP=3259.40  SD=9.5011
17:01:27 DEBUG    [VWAPCalc] 2025-04-16  VWAP=3259.47  SD=9.5214
17:01:27 DEBUG    [VWAPCalc] 2025-04-16  VWAP=3259.59  SD=9.5381
17:01:27 DEBUG    [VWAPCalc] 2025-04-16  VWAP=3259.65  SD=9.5379
17:01:27 DEBUG    [VWAPCalc] 2025-04-16  VWAP=3259.72  SD=9.5378
17:01:27 DEBUG    [VWAPCalc] 2025-04-16  VWAP=3259.92  SD=9.5720
17:01:27 DEBUG    [VWAPCalc] 2025-04-16  VWAP=3260.17  SD=9.6646
17:01:27 DEBUG    [VWAPCalc] 2025-04-16  VWAP=3260.37  SD=9.7392
17:01:27 DEBUG    [VWAPCalc] 2025-04-16  VWAP=3260.57  SD=9.7983
17:01:27 DEBUG    [VWAPCalc] 2025-04-16  VWAP=3260.72  SD=9.8174
17:01:27 DEBUG    [VWAPCalc] 2025-04-16  VWAP=3260.96  SD=9.8543
17:01:27 DEBUG    [VWAPCalc] 2025-04-16  VWAP=3261.24  SD=9.9323
17:01:27 DEBUG    [VWAPCalc] 2025-04-16  VWAP=3261.47  SD=10.0037
17:01:27 DEBUG    [VWAPCalc] 2025-04-16  VWAP=3261.73  SD=10.0834
17:01:27 DEBUG    [VWAPCalc] 2025-04-16  VWAP=3261.93  SD=10.1320
17:01:27 DEBUG    [VWAPCalc] 2025-04-16  VWAP=3259.53  SD=12.6592
17:01:27 DEBUG    [VWAPCalc] 2025-04-16  VWAP=3258.77  SD=13.4225
17:01:27 DEBUG    [VWAPCalc] 2025-04-16  VWAP=3258.30  SD=13.8671
17:01:27 DEBUG    [VWAPCalc] 2025-04-16  VWAP=3257.82  SD=14.3056
17:01:27 DEBUG    [VWAPCalc] 2025-04-16  VWAP=3257.54  SD=14.5529
17:01:27 DEBUG    [VWAPCalc] 2025-04-17  VWAP=3221.40  SD=0.0000
17:01:27 DEBUG    [VWAPCalc] 2025-04-17  VWAP=3220.78  SD=0.7390
17:01:27 DEBUG    [VWAPCalc] 2025-04-17  VWAP=3221.38  SD=1.2630
17:01:27 DEBUG    [VWAPCalc] 2025-04-17  VWAP=3221.92  SD=1.6868
17:01:27 DEBUG    [VWAPCalc] 2025-04-17  VWAP=3223.38  SD=3.2722
17:01:27 DEBUG    [VWAPCalc] 2025-04-17  VWAP=3224.42  SD=3.8836
17:01:27 DEBUG    [VWAPCalc] 2025-04-17  VWAP=3225.03  SD=4.0714
17:01:27 DEBUG    [VWAPCalc] 2025-04-17  VWAP=3225.45  SD=4.2083
17:01:27 DEBUG    [VWAPCalc] 2025-04-17  VWAP=3226.18  SD=4.6991
17:01:27 DEBUG    [VWAPCalc] 2025-04-17  VWAP=3227.23  SD=5.4664
17:01:27 DEBUG    [VWAPCalc] 2025-04-17  VWAP=3227.88  SD=5.5405
17:01:27 DEBUG    [VWAPCalc] 2025-04-17  VWAP=3228.17  SD=5.5504
17:01:27 DEBUG    [VWAPCalc] 2025-04-17  VWAP=3228.26  SD=5.4922
17:01:27 DEBUG    [VWAPCalc] 2025-04-17  VWAP=3228.28  SD=5.3458
17:01:27 DEBUG    [VWAPCalc] 2025-04-17  VWAP=3228.35  SD=5.2327
17:01:27 DEBUG    [VWAPCalc] 2025-04-17  VWAP=3228.43  SD=5.1173
17:01:27 DEBUG    [VWAPCalc] 2025-04-17  VWAP=3228.43  SD=5.0463
17:01:27 DEBUG    [VWAPCalc] 2025-04-17  VWAP=3228.43  SD=4.9678
17:01:27 DEBUG    [VWAPCalc] 2025-04-17  VWAP=3228.56  SD=4.9338
17:01:27 DEBUG    [VWAPCalc] 2025-04-17  VWAP=3228.60  SD=4.9129
17:01:27 DEBUG    [VWAPCalc] 2025-04-17  VWAP=3228.78  SD=4.9369
17:01:27 DEBUG    [VWAPCalc] 2025-04-17  VWAP=3228.87  SD=4.9613
17:01:27 DEBUG    [VWAPCalc] 2025-04-17  VWAP=3229.03  SD=4.9969
17:01:27 DEBUG    [VWAPCalc] 2025-04-17  VWAP=3229.22  SD=5.0969
17:01:27 DEBUG    [VWAPCalc] 2025-04-17  VWAP=3229.27  SD=5.1138
17:01:27 DEBUG    [VWAPCalc] 2025-04-17  VWAP=3229.58  SD=5.2905
17:01:27 DEBUG    [VWAPCalc] 2025-04-17  VWAP=3229.71  SD=5.3802
17:01:27 DEBUG    [VWAPCalc] 2025-04-17  VWAP=3229.83  SD=5.4151
17:01:27 DEBUG    [VWAPCalc] 2025-04-17  VWAP=3229.90  SD=5.4142
17:01:27 DEBUG    [VWAPCalc] 2025-04-17  VWAP=3229.98  SD=5.4102
17:01:27 DEBUG    [VWAPCalc] 2025-04-17  VWAP=3230.23  SD=5.3540
17:01:27 DEBUG    [VWAPCalc] 2025-04-17  VWAP=3230.35  SD=5.3474
17:01:27 DEBUG    [VWAPCalc] 2025-04-17  VWAP=3230.40  SD=5.3600
17:01:27 DEBUG    [VWAPCalc] 2025-04-17  VWAP=3230.58  SD=5.4618
17:01:27 DEBUG    [VWAPCalc] 2025-04-17  VWAP=3230.72  SD=5.5280
17:01:27 DEBUG    [VWAPCalc] 2025-04-17  VWAP=3231.16  SD=5.8681
17:01:27 DEBUG    [VWAPCalc] 2025-04-17  VWAP=3231.64  SD=6.2672
17:01:27 DEBUG    [VWAPCalc] 2025-04-17  VWAP=3232.01  SD=6.6134
17:01:27 DEBUG    [VWAPCalc] 2025-04-17  VWAP=3232.31  SD=6.8870
17:01:27 DEBUG    [VWAPCalc] 2025-04-17  VWAP=3233.10  SD=7.6752
17:01:27 DEBUG    [VWAPCalc] 2025-04-17  VWAP=3233.64  SD=8.2298
17:01:27 DEBUG    [VWAPCalc] 2025-04-17  VWAP=3234.26  SD=8.8656
17:01:27 DEBUG    [VWAPCalc] 2025-04-17  VWAP=3234.82  SD=9.4237
17:01:27 DEBUG    [VWAPCalc] 2025-04-17  VWAP=3235.09  SD=9.6312
17:01:27 DEBUG    [VWAPCalc] 2025-04-17  VWAP=3235.82  SD=10.2733
17:01:27 DEBUG    [VWAPCalc] 2025-04-17  VWAP=3236.52  SD=10.8574
17:01:27 DEBUG    [VWAPCalc] 2025-04-17  VWAP=3236.78  SD=11.0274
17:01:27 DEBUG    [VWAPCalc] 2025-04-17  VWAP=3237.56  SD=11.5163
17:01:27 DEBUG    [VWAPCalc] 2025-04-17  VWAP=3238.02  SD=11.6658
17:01:27 DEBUG    [VWAPCalc] 2025-04-17  VWAP=3238.25  SD=11.7704
17:01:27 DEBUG    [VWAPCalc] 2025-04-17  VWAP=3238.45  SD=11.8427
17:01:27 DEBUG    [VWAPCalc] 2025-04-17  VWAP=3238.60  SD=11.8996
17:01:27 DEBUG    [VWAPCalc] 2025-04-17  VWAP=3238.82  SD=11.9813
17:01:27 DEBUG    [VWAPCalc] 2025-04-17  VWAP=3239.16  SD=12.1358
17:01:27 DEBUG    [VWAPCalc] 2025-04-17  VWAP=3239.43  SD=12.2511
17:01:27 DEBUG    [VWAPCalc] 2025-04-17  VWAP=3239.65  SD=12.3543
17:01:27 DEBUG    [VWAPCalc] 2025-04-17  VWAP=3239.91  SD=12.4753
17:01:27 DEBUG    [VWAPCalc] 2025-04-17  VWAP=3240.18  SD=12.6101
17:01:27 DEBUG    [VWAPCalc] 2025-04-17  VWAP=3240.64  SD=12.9044
17:01:27 DEBUG    [VWAPCalc] 2025-04-17  VWAP=3241.36  SD=13.4410
17:01:27 DEBUG    [VWAPCalc] 2025-04-17  VWAP=3242.29  SD=14.1054
17:01:27 DEBUG    [VWAPCalc] 2025-04-17  VWAP=3243.20  SD=14.7354
17:01:27 DEBUG    [VWAPCalc] 2025-04-17  VWAP=3243.56  SD=14.9125
17:01:27 DEBUG    [VWAPCalc] 2025-04-17  VWAP=3243.99  SD=15.1247
17:01:27 DEBUG    [VWAPCalc] 2025-04-17  VWAP=3244.41  SD=15.3652
17:01:27 DEBUG    [VWAPCalc] 2025-04-17  VWAP=3244.97  SD=15.7374
17:01:27 DEBUG    [VWAPCalc] 2025-04-17  VWAP=3246.23  SD=16.6448
17:01:27 DEBUG    [VWAPCalc] 2025-04-17  VWAP=3246.64  SD=16.9033
17:01:27 DEBUG    [VWAPCalc] 2025-04-17  VWAP=3246.90  SD=17.0578
17:01:27 DEBUG    [VWAPCalc] 2025-04-17  VWAP=3247.23  SD=17.1519
17:01:27 DEBUG    [VWAPCalc] 2025-04-17  VWAP=3247.39  SD=17.1981
17:01:27 DEBUG    [VWAPCalc] 2025-04-17  VWAP=3247.65  SD=17.2832
17:01:27 DEBUG    [VWAPCalc] 2025-04-17  VWAP=3247.99  SD=17.4346
17:01:27 DEBUG    [VWAPCalc] 2025-04-17  VWAP=3248.21  SD=17.5323
17:01:27 DEBUG    [VWAPCalc] 2025-04-17  VWAP=3248.49  SD=17.6768
17:01:27 DEBUG    [VWAPCalc] 2025-04-17  VWAP=3249.09  SD=17.9468
17:01:27 DEBUG    [VWAPCalc] 2025-04-17  VWAP=3249.32  SD=18.0343
17:01:27 DEBUG    [VWAPCalc] 2025-04-17  VWAP=3249.61  SD=18.1517
17:01:27 DEBUG    [VWAPCalc] 2025-04-17  VWAP=3249.92  SD=18.2695
17:01:27 DEBUG    [VWAPCalc] 2025-04-17  VWAP=3250.10  SD=18.3393
17:01:27 DEBUG    [VWAPCalc] 2025-04-17  VWAP=3250.45  SD=18.4829
17:01:27 DEBUG    [VWAPCalc] 2025-04-17  VWAP=3250.87  SD=18.6154
17:01:27 DEBUG    [VWAPCalc] 2025-04-17  VWAP=3251.42  SD=18.8107
17:01:27 DEBUG    [VWAPCalc] 2025-04-17  VWAP=3252.72  SD=19.5325
17:01:27 DEBUG    [VWAPCalc] 2025-04-17  VWAP=3253.21  SD=19.8548
17:01:27 DEBUG    [VWAPCalc] 2025-04-17  VWAP=3253.71  SD=20.1713
17:01:27 DEBUG    [VWAPCalc] 2025-04-17  VWAP=3254.00  SD=20.3514
17:01:27 DEBUG    [VWAPCalc] 2025-04-17  VWAP=3254.61  SD=20.7500
17:01:27 DEBUG    [VWAPCalc] 2025-04-17  VWAP=3254.93  SD=20.9539
17:01:27 DEBUG    [VWAPCalc] 2025-04-17  VWAP=3255.33  SD=21.2366
17:01:27 DEBUG    [VWAPCalc] 2025-04-17  VWAP=3256.27  SD=21.9578
17:01:27 DEBUG    [VWAPCalc] 2025-04-17  VWAP=3256.64  SD=22.2017
17:01:27 DEBUG    [VWAPCalc] 2025-04-17  VWAP=3256.87  SD=22.3415
17:01:27 DEBUG    [VWAPCalc] 2025-04-17  VWAP=3257.31  SD=22.6446
17:01:27 DEBUG    [VWAPCalc] 2025-04-17  VWAP=3257.75  SD=22.9115
17:01:27 DEBUG    [VWAPCalc] 2025-04-17  VWAP=3258.41  SD=23.1733
17:01:27 DEBUG    [VWAPCalc] 2025-04-17  VWAP=3258.71  SD=23.2452
17:01:27 DEBUG    [VWAPCalc] 2025-04-17  VWAP=3259.01  SD=23.2846
17:01:27 DEBUG    [VWAPCalc] 2025-04-17  VWAP=3259.32  SD=23.3453
17:01:27 DEBUG    [VWAPCalc] 2025-04-17  VWAP=3259.51  SD=23.3976
17:01:27 DEBUG    [VWAPCalc] 2025-04-17  VWAP=3259.77  SD=23.4871
17:01:27 DEBUG    [VWAPCalc] 2025-04-17  VWAP=3260.12  SD=23.6236
17:01:27 DEBUG    [VWAPCalc] 2025-04-17  VWAP=3260.37  SD=23.6930
17:01:27 DEBUG    [VWAPCalc] 2025-04-17  VWAP=3260.68  SD=23.7808
17:01:27 DEBUG    [VWAPCalc] 2025-04-17  VWAP=3260.86  SD=23.8469
17:01:27 DEBUG    [VWAPCalc] 2025-04-17  VWAP=3261.14  SD=23.9362
17:01:27 DEBUG    [VWAPCalc] 2025-04-17  VWAP=3261.29  SD=23.9848
17:01:27 DEBUG    [VWAPCalc] 2025-04-17  VWAP=3261.46  SD=24.0375
17:01:27 DEBUG    [VWAPCalc] 2025-04-17  VWAP=3261.69  SD=24.1099
17:01:27 DEBUG    [VWAPCalc] 2025-04-17  VWAP=3262.12  SD=24.2742
17:01:27 DEBUG    [VWAPCalc] 2025-04-17  VWAP=3262.90  SD=24.5996
17:01:27 DEBUG    [VWAPCalc] 2025-04-17  VWAP=3263.44  SD=24.7933
17:01:27 DEBUG    [VWAPCalc] 2025-04-17  VWAP=3263.99  SD=24.9704
17:01:27 DEBUG    [VWAPCalc] 2025-04-17  VWAP=3264.71  SD=25.2009
17:01:27 DEBUG    [VWAPCalc] 2025-04-17  VWAP=3265.26  SD=25.3960
17:01:27 DEBUG    [VWAPCalc] 2025-04-17  VWAP=3265.83  SD=25.5691
17:01:27 DEBUG    [VWAPCalc] 2025-04-17  VWAP=3266.40  SD=25.7169
17:01:27 DEBUG    [VWAPCalc] 2025-04-17  VWAP=3266.72  SD=25.7826
17:01:27 DEBUG    [VWAPCalc] 2025-04-17  VWAP=3267.04  SD=25.8466
17:01:27 DEBUG    [VWAPCalc] 2025-04-17  VWAP=3267.37  SD=25.8946
17:02:49 INFO     [DataFeed] DataFeed task cancelled — closing WebSocket …
17:02:49 WARNING  [DataFeed] WebSocket closed: {'code': 200, 'message': 'Connection Closed', 's': 'ok'}
17:02:55 INFO     [Main] Strategy task cancelled.
17:02:55 INFO     [Main] Shutdown complete — bye!
17:02:55 INFO     [Main] KeyboardInterrupt — terminated.
17:10:00 INFO     [DataFeed] Back‑filled NSE:RELIANCE-EQ: 375 bars
17:10:00 INFO     [DataFeed] Back‑filled NSE:TCS-EQ: 375 bars
17:10:01 INFO     [websocket] Websocket connected
17:10:02 INFO     [DataFeed] WebSocket connected
17:10:03 DEBUG    [VWAPCalc] 2025-04-14  VWAP=1246.20  SD=0.0000
17:10:03 DEBUG    [VWAPCalc] 2025-04-14  VWAP=1246.11  SD=0.2699
17:10:03 DEBUG    [VWAPCalc] 2025-04-14  VWAP=1245.99  SD=0.5207
17:10:03 DEBUG    [VWAPCalc] 2025-04-14  VWAP=1245.81  SD=0.8926
17:10:03 DEBUG    [VWAPCalc] 2025-04-14  VWAP=1245.67  SD=1.0651
17:10:03 DEBUG    [VWAPCalc] 2025-04-15  VWAP=1243.33  SD=0.0000
17:10:03 DEBUG    [VWAPCalc] 2025-04-15  VWAP=1243.36  SD=0.0332
17:10:03 DEBUG    [VWAPCalc] 2025-04-15  VWAP=1243.70  SD=0.3826
17:10:03 DEBUG    [VWAPCalc] 2025-04-15  VWAP=1243.76  SD=0.3896
17:10:03 DEBUG    [VWAPCalc] 2025-04-15  VWAP=1243.83  SD=0.3791
17:10:03 DEBUG    [VWAPCalc] 2025-04-15  VWAP=1243.84  SD=0.3595
17:10:03 DEBUG    [VWAPCalc] 2025-04-15  VWAP=1244.04  SD=0.5599
17:10:03 DEBUG    [VWAPCalc] 2025-04-15  VWAP=1244.40  SD=0.9835
17:10:03 DEBUG    [VWAPCalc] 2025-04-15  VWAP=1244.49  SD=1.0106
17:10:03 DEBUG    [VWAPCalc] 2025-04-15  VWAP=1244.49  SD=0.9857
17:10:03 DEBUG    [VWAPCalc] 2025-04-15  VWAP=1244.41  SD=1.0079
17:10:03 DEBUG    [VWAPCalc] 2025-04-15  VWAP=1244.30  SD=1.0903
17:10:03 DEBUG    [VWAPCalc] 2025-04-15  VWAP=1244.24  SD=1.1166
17:10:03 DEBUG    [VWAPCalc] 2025-04-15  VWAP=1244.17  SD=1.1388
17:10:03 DEBUG    [VWAPCalc] 2025-04-15  VWAP=1244.11  SD=1.1775
17:10:03 DEBUG    [VWAPCalc] 2025-04-15  VWAP=1243.93  SD=1.3652
17:10:03 DEBUG    [VWAPCalc] 2025-04-15  VWAP=1243.84  SD=1.4116
17:10:03 DEBUG    [VWAPCalc] 2025-04-15  VWAP=1243.78  SD=1.4215
17:10:03 DEBUG    [VWAPCalc] 2025-04-15  VWAP=1243.75  SD=1.4204
17:10:03 DEBUG    [VWAPCalc] 2025-04-15  VWAP=1243.70  SD=1.4313
17:10:03 DEBUG    [VWAPCalc] 2025-04-15  VWAP=1243.55  SD=1.5746
17:10:03 DEBUG    [VWAPCalc] 2025-04-15  VWAP=1243.45  SD=1.6563
17:10:03 DEBUG    [VWAPCalc] 2025-04-15  VWAP=1243.35  SD=1.7423
17:10:03 DEBUG    [VWAPCalc] 2025-04-15  VWAP=1243.22  SD=1.8743
17:10:03 DEBUG    [VWAPCalc] 2025-04-15  VWAP=1243.13  SD=1.9259
17:10:03 DEBUG    [VWAPCalc] 2025-04-15  VWAP=1243.02  SD=1.9925
17:10:03 DEBUG    [VWAPCalc] 2025-04-15  VWAP=1242.90  SD=2.0704
17:10:03 DEBUG    [VWAPCalc] 2025-04-15  VWAP=1242.84  SD=2.1101
17:10:03 DEBUG    [VWAPCalc] 2025-04-15  VWAP=1242.76  SD=2.1658
17:10:03 DEBUG    [VWAPCalc] 2025-04-15  VWAP=1242.69  SD=2.2180
17:10:03 DEBUG    [VWAPCalc] 2025-04-15  VWAP=1242.61  SD=2.2566
17:10:03 DEBUG    [VWAPCalc] 2025-04-15  VWAP=1242.56  SD=2.2703
17:10:03 DEBUG    [VWAPCalc] 2025-04-15  VWAP=1242.52  SD=2.2763
17:10:03 DEBUG    [VWAPCalc] 2025-04-15  VWAP=1242.47  SD=2.3005
17:10:03 DEBUG    [VWAPCalc] 2025-04-15  VWAP=1242.22  SD=2.4478
17:10:03 DEBUG    [VWAPCalc] 2025-04-15  VWAP=1242.14  SD=2.4826
17:10:03 DEBUG    [VWAPCalc] 2025-04-15  VWAP=1242.08  SD=2.5096
17:10:03 DEBUG    [VWAPCalc] 2025-04-15  VWAP=1242.04  SD=2.5279
17:10:03 DEBUG    [VWAPCalc] 2025-04-15  VWAP=1242.00  SD=2.5182
17:10:03 DEBUG    [VWAPCalc] 2025-04-15  VWAP=1241.96  SD=2.5124
17:10:03 DEBUG    [VWAPCalc] 2025-04-15  VWAP=1241.94  SD=2.5094
17:10:03 DEBUG    [VWAPCalc] 2025-04-15  VWAP=1241.92  SD=2.5032
17:10:03 DEBUG    [VWAPCalc] 2025-04-15  VWAP=1241.90  SD=2.4950
17:10:03 DEBUG    [VWAPCalc] 2025-04-15  VWAP=1241.89  SD=2.4829
17:10:03 DEBUG    [VWAPCalc] 2025-04-15  VWAP=1241.87  SD=2.4760
17:10:03 DEBUG    [VWAPCalc] 2025-04-15  VWAP=1241.84  SD=2.4776
17:10:03 DEBUG    [VWAPCalc] 2025-04-15  VWAP=1241.81  SD=2.4759
17:10:03 DEBUG    [VWAPCalc] 2025-04-15  VWAP=1241.79  SD=2.4740
17:10:03 DEBUG    [VWAPCalc] 2025-04-15  VWAP=1241.78  SD=2.4727
17:10:03 DEBUG    [VWAPCalc] 2025-04-15  VWAP=1241.75  SD=2.4740
17:10:03 DEBUG    [VWAPCalc] 2025-04-15  VWAP=1241.72  SD=2.4802
17:10:03 DEBUG    [VWAPCalc] 2025-04-15  VWAP=1241.71  SD=2.4821
17:10:03 DEBUG    [VWAPCalc] 2025-04-15  VWAP=1241.67  SD=2.4846
17:10:03 DEBUG    [VWAPCalc] 2025-04-15  VWAP=1241.65  SD=2.4803
17:10:03 DEBUG    [VWAPCalc] 2025-04-15  VWAP=1241.63  SD=2.4541
17:10:03 DEBUG    [VWAPCalc] 2025-04-15  VWAP=1241.62  SD=2.4401
17:10:03 DEBUG    [VWAPCalc] 2025-04-15  VWAP=1241.63  SD=2.4208
17:10:03 DEBUG    [VWAPCalc] 2025-04-15  VWAP=1241.65  SD=2.4049
17:10:03 DEBUG    [VWAPCalc] 2025-04-15  VWAP=1241.67  SD=2.3596
17:10:03 DEBUG    [VWAPCalc] 2025-04-15  VWAP=1241.69  SD=2.3429
17:10:03 DEBUG    [VWAPCalc] 2025-04-15  VWAP=1241.71  SD=2.3228
17:10:03 DEBUG    [VWAPCalc] 2025-04-15  VWAP=1241.74  SD=2.3157
17:10:03 DEBUG    [VWAPCalc] 2025-04-15  VWAP=1241.77  SD=2.2986
17:10:03 DEBUG    [VWAPCalc] 2025-04-15  VWAP=1241.78  SD=2.2849
17:10:03 DEBUG    [VWAPCalc] 2025-04-15  VWAP=1241.79  SD=2.2758
17:10:03 DEBUG    [VWAPCalc] 2025-04-15  VWAP=1241.81  SD=2.2617
17:10:03 DEBUG    [VWAPCalc] 2025-04-15  VWAP=1241.82  SD=2.2502
17:10:03 DEBUG    [VWAPCalc] 2025-04-15  VWAP=1241.84  SD=2.2388
17:10:03 DEBUG    [VWAPCalc] 2025-04-15  VWAP=1241.86  SD=2.2104
17:10:03 DEBUG    [VWAPCalc] 2025-04-15  VWAP=1241.86  SD=2.1966
17:10:03 DEBUG    [VWAPCalc] 2025-04-15  VWAP=1241.87  SD=2.1855
17:10:03 DEBUG    [VWAPCalc] 2025-04-15  VWAP=1241.89  SD=2.1781
17:10:03 DEBUG    [VWAPCalc] 2025-04-15  VWAP=1241.89  SD=2.1506
17:10:03 DEBUG    [VWAPCalc] 2025-04-15  VWAP=1241.87  SD=2.1317
17:10:03 DEBUG    [VWAPCalc] 2025-04-15  VWAP=1241.86  SD=2.0926
17:10:03 DEBUG    [VWAPCalc] 2025-04-15  VWAP=1241.86  SD=2.0856
17:10:03 DEBUG    [VWAPCalc] 2025-04-15  VWAP=1241.86  SD=2.0751
17:10:03 DEBUG    [VWAPCalc] 2025-04-15  VWAP=1241.86  SD=2.0544
17:10:03 DEBUG    [VWAPCalc] 2025-04-15  VWAP=1241.86  SD=2.0485
17:10:03 DEBUG    [VWAPCalc] 2025-04-15  VWAP=1241.87  SD=2.0419
17:10:03 DEBUG    [VWAPCalc] 2025-04-15  VWAP=1241.87  SD=2.0306
17:10:03 DEBUG    [VWAPCalc] 2025-04-15  VWAP=1241.89  SD=2.0226
17:10:03 DEBUG    [VWAPCalc] 2025-04-15  VWAP=1241.90  SD=2.0113
17:10:03 DEBUG    [VWAPCalc] 2025-04-15  VWAP=1241.91  SD=1.9956
17:10:03 DEBUG    [VWAPCalc] 2025-04-15  VWAP=1241.91  SD=1.9871
17:10:03 DEBUG    [VWAPCalc] 2025-04-15  VWAP=1241.92  SD=1.9750
17:10:03 DEBUG    [VWAPCalc] 2025-04-15  VWAP=1241.93  SD=1.9606
17:10:03 DEBUG    [VWAPCalc] 2025-04-15  VWAP=1241.94  SD=1.9506
17:10:03 DEBUG    [VWAPCalc] 2025-04-15  VWAP=1241.95  SD=1.9383
17:10:03 DEBUG    [VWAPCalc] 2025-04-15  VWAP=1241.95  SD=1.9223
17:10:03 DEBUG    [VWAPCalc] 2025-04-15  VWAP=1241.95  SD=1.9134
17:10:03 DEBUG    [VWAPCalc] 2025-04-15  VWAP=1241.96  SD=1.9043
17:10:03 DEBUG    [VWAPCalc] 2025-04-15  VWAP=1241.97  SD=1.8971
17:10:03 DEBUG    [VWAPCalc] 2025-04-15  VWAP=1241.98  SD=1.8854
17:10:03 DEBUG    [VWAPCalc] 2025-04-15  VWAP=1242.01  SD=1.8762
17:10:03 DEBUG    [VWAPCalc] 2025-04-15  VWAP=1242.02  SD=1.8585
17:10:03 DEBUG    [VWAPCalc] 2025-04-15  VWAP=1242.03  SD=1.8466
17:10:03 DEBUG    [VWAPCalc] 2025-04-15  VWAP=1242.04  SD=1.8373
17:10:03 DEBUG    [VWAPCalc] 2025-04-15  VWAP=1242.05  SD=1.8154
17:10:03 DEBUG    [VWAPCalc] 2025-04-15  VWAP=1242.05  SD=1.8061
17:10:03 DEBUG    [VWAPCalc] 2025-04-15  VWAP=1242.04  SD=1.7976
17:10:03 DEBUG    [VWAPCalc] 2025-04-15  VWAP=1242.02  SD=1.7839
17:10:03 DEBUG    [VWAPCalc] 2025-04-15  VWAP=1242.01  SD=1.7790
17:10:03 DEBUG    [VWAPCalc] 2025-04-15  VWAP=1241.97  SD=1.7930
17:10:03 DEBUG    [VWAPCalc] 2025-04-15  VWAP=1241.94  SD=1.8034
17:10:03 DEBUG    [VWAPCalc] 2025-04-15  VWAP=1241.92  SD=1.8066
17:10:03 DEBUG    [VWAPCalc] 2025-04-15  VWAP=1241.91  SD=1.8082
17:10:03 DEBUG    [VWAPCalc] 2025-04-15  VWAP=1241.89  SD=1.8060
17:10:03 DEBUG    [VWAPCalc] 2025-04-15  VWAP=1241.86  SD=1.8065
17:10:03 DEBUG    [VWAPCalc] 2025-04-15  VWAP=1241.82  SD=1.8141
17:10:03 DEBUG    [VWAPCalc] 2025-04-15  VWAP=1241.74  SD=1.8044
17:10:03 DEBUG    [VWAPCalc] 2025-04-15  VWAP=1241.67  SD=1.8007
17:10:03 DEBUG    [VWAPCalc] 2025-04-15  VWAP=1241.61  SD=1.7758
17:10:03 DEBUG    [VWAPCalc] 2025-04-15  VWAP=1241.54  SD=1.7581
17:10:03 DEBUG    [VWAPCalc] 2025-04-15  VWAP=1241.46  SD=1.7654
17:10:03 DEBUG    [VWAPCalc] 2025-04-15  VWAP=1241.36  SD=1.7801
17:10:03 DEBUG    [VWAPCalc] 2025-04-15  VWAP=1241.31  SD=1.7693
17:10:03 DEBUG    [VWAPCalc] 2025-04-15  VWAP=1241.28  SD=1.7308
17:10:03 DEBUG    [VWAPCalc] 2025-04-15  VWAP=1241.27  SD=1.6938
17:10:03 DEBUG    [VWAPCalc] 2025-04-15  VWAP=1241.24  SD=1.6868
17:10:03 DEBUG    [VWAPCalc] 2025-04-15  VWAP=1241.06  SD=2.0009
17:10:03 DEBUG    [VWAPCalc] 2025-04-15  VWAP=1241.00  SD=2.1018
17:10:03 DEBUG    [VWAPCalc] 2025-04-15  VWAP=1240.93  SD=2.1928
17:10:03 DEBUG    [VWAPCalc] 2025-04-15  VWAP=1240.83  SD=2.3344
17:10:03 DEBUG    [VWAPCalc] 2025-04-15  VWAP=1240.77  SD=2.4196
17:10:03 DEBUG    [VWAPCalc] 2025-04-16  VWAP=1233.57  SD=0.0000
17:10:03 DEBUG    [VWAPCalc] 2025-04-16  VWAP=1232.72  SD=1.0023
17:10:03 DEBUG    [VWAPCalc] 2025-04-16  VWAP=1232.56  SD=0.9638
17:10:03 DEBUG    [VWAPCalc] 2025-04-16  VWAP=1232.48  SD=0.9072
17:10:03 DEBUG    [VWAPCalc] 2025-04-16  VWAP=1232.45  SD=0.8584
17:10:03 DEBUG    [VWAPCalc] 2025-04-16  VWAP=1232.44  SD=0.8154
17:10:03 DEBUG    [VWAPCalc] 2025-04-16  VWAP=1232.37  SD=0.8117
17:10:03 DEBUG    [VWAPCalc] 2025-04-16  VWAP=1232.35  SD=0.7922
17:10:03 DEBUG    [VWAPCalc] 2025-04-16  VWAP=1232.34  SD=0.7660
17:10:03 DEBUG    [VWAPCalc] 2025-04-16  VWAP=1232.33  SD=0.7380
17:10:03 DEBUG    [VWAPCalc] 2025-04-16  VWAP=1232.31  SD=0.7128
17:10:03 DEBUG    [VWAPCalc] 2025-04-16  VWAP=1232.32  SD=0.6991
17:10:03 DEBUG    [VWAPCalc] 2025-04-16  VWAP=1232.32  SD=0.6445
17:10:03 DEBUG    [VWAPCalc] 2025-04-16  VWAP=1232.42  SD=0.7220
17:10:03 DEBUG    [VWAPCalc] 2025-04-16  VWAP=1232.52  SD=0.8240
17:10:03 DEBUG    [VWAPCalc] 2025-04-16  VWAP=1232.58  SD=0.8321
17:10:03 DEBUG    [VWAPCalc] 2025-04-16  VWAP=1232.62  SD=0.8148
17:10:03 DEBUG    [VWAPCalc] 2025-04-16  VWAP=1232.68  SD=0.7870
17:10:03 DEBUG    [VWAPCalc] 2025-04-16  VWAP=1232.69  SD=0.7762
17:10:03 DEBUG    [VWAPCalc] 2025-04-16  VWAP=1232.73  SD=0.7838
17:10:03 DEBUG    [VWAPCalc] 2025-04-16  VWAP=1232.84  SD=0.8694
17:10:03 DEBUG    [VWAPCalc] 2025-04-16  VWAP=1232.92  SD=0.9013
17:10:03 DEBUG    [VWAPCalc] 2025-04-16  VWAP=1232.94  SD=0.8763
17:10:03 DEBUG    [VWAPCalc] 2025-04-16  VWAP=1232.89  SD=0.8765
17:10:03 DEBUG    [VWAPCalc] 2025-04-16  VWAP=1232.87  SD=0.8792
17:10:03 DEBUG    [VWAPCalc] 2025-04-16  VWAP=1232.76  SD=0.9195
17:10:03 DEBUG    [VWAPCalc] 2025-04-16  VWAP=1232.69  SD=0.9771
17:10:03 DEBUG    [VWAPCalc] 2025-04-16  VWAP=1232.49  SD=1.2096
17:10:03 DEBUG    [VWAPCalc] 2025-04-16  VWAP=1232.40  SD=1.2371
17:10:03 DEBUG    [VWAPCalc] 2025-04-16  VWAP=1232.36  SD=1.2448
17:10:03 DEBUG    [VWAPCalc] 2025-04-16  VWAP=1232.30  SD=1.2717
17:10:03 DEBUG    [VWAPCalc] 2025-04-16  VWAP=1232.26  SD=1.2900
17:10:03 DEBUG    [VWAPCalc] 2025-04-16  VWAP=1232.25  SD=1.2852
17:10:03 DEBUG    [VWAPCalc] 2025-04-16  VWAP=1232.26  SD=1.2686
17:10:03 DEBUG    [VWAPCalc] 2025-04-16  VWAP=1232.28  SD=1.2619
17:10:03 DEBUG    [VWAPCalc] 2025-04-16  VWAP=1232.34  SD=1.2773
17:10:03 DEBUG    [VWAPCalc] 2025-04-16  VWAP=1232.37  SD=1.2905
17:10:03 DEBUG    [VWAPCalc] 2025-04-16  VWAP=1232.40  SD=1.2980
17:10:03 DEBUG    [VWAPCalc] 2025-04-16  VWAP=1232.41  SD=1.3042
17:10:03 DEBUG    [VWAPCalc] 2025-04-16  VWAP=1232.44  SD=1.3147
17:10:03 DEBUG    [VWAPCalc] 2025-04-16  VWAP=1232.46  SD=1.3210
17:10:03 DEBUG    [VWAPCalc] 2025-04-16  VWAP=1232.47  SD=1.3202
17:10:03 DEBUG    [VWAPCalc] 2025-04-16  VWAP=1232.47  SD=1.3156
17:10:03 DEBUG    [VWAPCalc] 2025-04-16  VWAP=1232.47  SD=1.3093
17:10:03 DEBUG    [VWAPCalc] 2025-04-16  VWAP=1232.48  SD=1.3073
17:10:03 DEBUG    [VWAPCalc] 2025-04-16  VWAP=1232.50  SD=1.3136
17:10:03 DEBUG    [VWAPCalc] 2025-04-16  VWAP=1232.51  SD=1.3167
17:10:03 DEBUG    [VWAPCalc] 2025-04-16  VWAP=1232.52  SD=1.3181
17:10:03 DEBUG    [VWAPCalc] 2025-04-16  VWAP=1232.55  SD=1.3288
17:10:03 DEBUG    [VWAPCalc] 2025-04-16  VWAP=1232.57  SD=1.3289
17:10:03 DEBUG    [VWAPCalc] 2025-04-16  VWAP=1232.58  SD=1.3278
17:10:03 DEBUG    [VWAPCalc] 2025-04-16  VWAP=1232.61  SD=1.3474
17:10:03 DEBUG    [VWAPCalc] 2025-04-16  VWAP=1232.66  SD=1.3830
17:10:03 DEBUG    [VWAPCalc] 2025-04-16  VWAP=1232.72  SD=1.4354
17:10:03 DEBUG    [VWAPCalc] 2025-04-16  VWAP=1232.74  SD=1.4515
17:10:03 DEBUG    [VWAPCalc] 2025-04-16  VWAP=1232.77  SD=1.4752
17:10:03 DEBUG    [VWAPCalc] 2025-04-16  VWAP=1232.88  SD=1.5514
17:10:03 DEBUG    [VWAPCalc] 2025-04-16  VWAP=1232.91  SD=1.5755
17:10:03 DEBUG    [VWAPCalc] 2025-04-16  VWAP=1232.99  SD=1.6471
17:10:03 DEBUG    [VWAPCalc] 2025-04-16  VWAP=1233.04  SD=1.6868
17:10:03 DEBUG    [VWAPCalc] 2025-04-16  VWAP=1233.06  SD=1.6932
17:10:03 DEBUG    [VWAPCalc] 2025-04-16  VWAP=1233.08  SD=1.6983
17:10:03 DEBUG    [VWAPCalc] 2025-04-16  VWAP=1233.10  SD=1.7088
17:10:03 DEBUG    [VWAPCalc] 2025-04-16  VWAP=1233.15  SD=1.7333
17:10:03 DEBUG    [VWAPCalc] 2025-04-16  VWAP=1233.17  SD=1.7496
17:10:03 DEBUG    [VWAPCalc] 2025-04-16  VWAP=1233.19  SD=1.7660
17:10:03 DEBUG    [VWAPCalc] 2025-04-16  VWAP=1233.21  SD=1.7744
17:10:03 DEBUG    [VWAPCalc] 2025-04-16  VWAP=1233.25  SD=1.7873
17:10:03 DEBUG    [VWAPCalc] 2025-04-16  VWAP=1233.33  SD=1.8094
17:10:03 DEBUG    [VWAPCalc] 2025-04-16  VWAP=1233.35  SD=1.8130
17:10:03 DEBUG    [VWAPCalc] 2025-04-16  VWAP=1233.37  SD=1.8157
17:10:03 DEBUG    [VWAPCalc] 2025-04-16  VWAP=1233.38  SD=1.8194
17:10:03 DEBUG    [VWAPCalc] 2025-04-16  VWAP=1233.41  SD=1.8215
17:10:03 DEBUG    [VWAPCalc] 2025-04-16  VWAP=1233.43  SD=1.8214
17:10:03 DEBUG    [VWAPCalc] 2025-04-16  VWAP=1233.50  SD=1.8565
17:10:03 DEBUG    [VWAPCalc] 2025-04-16  VWAP=1233.52  SD=1.8584
17:10:03 DEBUG    [VWAPCalc] 2025-04-16  VWAP=1233.53  SD=1.8485
17:10:03 DEBUG    [VWAPCalc] 2025-04-16  VWAP=1233.54  SD=1.8331
17:10:03 DEBUG    [VWAPCalc] 2025-04-16  VWAP=1233.53  SD=1.8244
17:10:03 DEBUG    [VWAPCalc] 2025-04-16  VWAP=1233.52  SD=1.8183
17:10:03 DEBUG    [VWAPCalc] 2025-04-16  VWAP=1233.50  SD=1.8209
17:10:03 DEBUG    [VWAPCalc] 2025-04-16  VWAP=1233.48  SD=1.8283
17:10:03 DEBUG    [VWAPCalc] 2025-04-16  VWAP=1233.46  SD=1.8297
17:10:03 DEBUG    [VWAPCalc] 2025-04-16  VWAP=1233.44  SD=1.8312
17:10:03 DEBUG    [VWAPCalc] 2025-04-16  VWAP=1233.43  SD=1.8349
17:10:03 DEBUG    [VWAPCalc] 2025-04-16  VWAP=1233.41  SD=1.8389
17:10:03 DEBUG    [VWAPCalc] 2025-04-16  VWAP=1233.38  SD=1.8462
17:10:03 DEBUG    [VWAPCalc] 2025-04-16  VWAP=1233.35  SD=1.8460
17:10:03 DEBUG    [VWAPCalc] 2025-04-16  VWAP=1233.35  SD=1.8382
17:10:03 DEBUG    [VWAPCalc] 2025-04-16  VWAP=1233.40  SD=1.8462
17:10:03 DEBUG    [VWAPCalc] 2025-04-16  VWAP=1233.48  SD=1.9128
17:10:03 DEBUG    [VWAPCalc] 2025-04-16  VWAP=1233.51  SD=1.9307
17:10:03 DEBUG    [VWAPCalc] 2025-04-16  VWAP=1233.55  SD=1.9543
17:10:03 DEBUG    [VWAPCalc] 2025-04-16  VWAP=1233.58  SD=1.9702
17:10:03 DEBUG    [VWAPCalc] 2025-04-16  VWAP=1233.61  SD=1.9980
17:10:03 DEBUG    [VWAPCalc] 2025-04-16  VWAP=1233.63  SD=2.0126
17:10:03 DEBUG    [VWAPCalc] 2025-04-16  VWAP=1233.65  SD=2.0247
17:10:03 DEBUG    [VWAPCalc] 2025-04-16  VWAP=1233.70  SD=2.0606
17:10:03 DEBUG    [VWAPCalc] 2025-04-16  VWAP=1233.78  SD=2.1394
17:10:03 DEBUG    [VWAPCalc] 2025-04-16  VWAP=1233.87  SD=2.2391
17:10:03 DEBUG    [VWAPCalc] 2025-04-16  VWAP=1233.89  SD=2.2627
17:10:03 DEBUG    [VWAPCalc] 2025-04-16  VWAP=1233.93  SD=2.2840
17:10:03 DEBUG    [VWAPCalc] 2025-04-16  VWAP=1233.96  SD=2.2987
17:10:03 DEBUG    [VWAPCalc] 2025-04-16  VWAP=1233.97  SD=2.3069
17:10:03 DEBUG    [VWAPCalc] 2025-04-16  VWAP=1234.00  SD=2.3240
17:10:03 DEBUG    [VWAPCalc] 2025-04-16  VWAP=1234.03  SD=2.3347
17:10:03 DEBUG    [VWAPCalc] 2025-04-16  VWAP=1234.07  SD=2.3504
17:10:03 DEBUG    [VWAPCalc] 2025-04-16  VWAP=1234.12  SD=2.3852
17:10:03 DEBUG    [VWAPCalc] 2025-04-16  VWAP=1234.16  SD=2.4123
17:10:03 DEBUG    [VWAPCalc] 2025-04-16  VWAP=1234.27  SD=2.5111
17:10:03 DEBUG    [VWAPCalc] 2025-04-16  VWAP=1234.52  SD=2.7447
17:10:03 DEBUG    [VWAPCalc] 2025-04-16  VWAP=1234.71  SD=2.9038
17:10:03 DEBUG    [VWAPCalc] 2025-04-16  VWAP=1234.95  SD=3.0683
17:10:03 DEBUG    [VWAPCalc] 2025-04-16  VWAP=1235.21  SD=3.1741
17:10:03 DEBUG    [VWAPCalc] 2025-04-16  VWAP=1235.36  SD=3.1557
17:10:03 DEBUG    [VWAPCalc] 2025-04-16  VWAP=1235.42  SD=3.1385
17:10:03 DEBUG    [VWAPCalc] 2025-04-16  VWAP=1235.51  SD=3.1375
17:10:03 DEBUG    [VWAPCalc] 2025-04-16  VWAP=1235.60  SD=3.1483
17:10:03 DEBUG    [VWAPCalc] 2025-04-16  VWAP=1235.67  SD=3.1433
17:10:03 DEBUG    [VWAPCalc] 2025-04-16  VWAP=1235.71  SD=3.1247
17:10:03 DEBUG    [VWAPCalc] 2025-04-16  VWAP=1235.71  SD=3.0335
17:10:03 DEBUG    [VWAPCalc] 2025-04-16  VWAP=1235.66  SD=3.0230
17:10:03 DEBUG    [VWAPCalc] 2025-04-16  VWAP=1235.51  SD=3.1212
17:10:03 DEBUG    [VWAPCalc] 2025-04-16  VWAP=1235.44  SD=3.1694
17:10:03 DEBUG    [VWAPCalc] 2025-04-16  VWAP=1235.33  SD=3.2580
17:10:03 DEBUG    [VWAPCalc] 2025-04-17  VWAP=1229.40  SD=0.0000
17:10:03 DEBUG    [VWAPCalc] 2025-04-17  VWAP=1229.51  SD=0.1166
17:10:03 DEBUG    [VWAPCalc] 2025-04-17  VWAP=1229.78  SD=0.4498
17:10:03 DEBUG    [VWAPCalc] 2025-04-17  VWAP=1230.01  SD=0.6375
17:10:03 DEBUG    [VWAPCalc] 2025-04-17  VWAP=1230.29  SD=0.9113
17:10:03 DEBUG    [VWAPCalc] 2025-04-17  VWAP=1230.63  SD=1.1441
17:10:03 DEBUG    [VWAPCalc] 2025-04-17  VWAP=1230.78  SD=1.1956
17:10:03 DEBUG    [VWAPCalc] 2025-04-17  VWAP=1230.89  SD=1.2423
17:10:03 DEBUG    [VWAPCalc] 2025-04-17  VWAP=1230.94  SD=1.2169
17:10:03 DEBUG    [VWAPCalc] 2025-04-17  VWAP=1230.95  SD=1.1874
17:10:03 DEBUG    [VWAPCalc] 2025-04-17  VWAP=1230.95  SD=1.1672
17:10:03 DEBUG    [VWAPCalc] 2025-04-17  VWAP=1230.96  SD=1.1373
17:10:03 DEBUG    [VWAPCalc] 2025-04-17  VWAP=1230.93  SD=1.1066
17:10:03 DEBUG    [VWAPCalc] 2025-04-17  VWAP=1230.65  SD=1.2455
17:10:03 DEBUG    [VWAPCalc] 2025-04-17  VWAP=1230.58  SD=1.2355
17:10:03 DEBUG    [VWAPCalc] 2025-04-17  VWAP=1230.56  SD=1.2078
17:10:03 DEBUG    [VWAPCalc] 2025-04-17  VWAP=1230.52  SD=1.1791
17:10:03 DEBUG    [VWAPCalc] 2025-04-17  VWAP=1230.51  SD=1.1450
17:10:03 DEBUG    [VWAPCalc] 2025-04-17  VWAP=1230.55  SD=1.1380
17:10:03 DEBUG    [VWAPCalc] 2025-04-17  VWAP=1230.60  SD=1.1503
17:10:03 DEBUG    [VWAPCalc] 2025-04-17  VWAP=1230.76  SD=1.2745
17:10:03 DEBUG    [VWAPCalc] 2025-04-17  VWAP=1230.85  SD=1.3406
17:10:03 DEBUG    [VWAPCalc] 2025-04-17  VWAP=1230.90  SD=1.3630
17:10:03 DEBUG    [VWAPCalc] 2025-04-17  VWAP=1231.00  SD=1.4383
17:10:03 DEBUG    [VWAPCalc] 2025-04-17  VWAP=1231.19  SD=1.6225
17:10:03 DEBUG    [VWAPCalc] 2025-04-17  VWAP=1231.34  SD=1.7741
17:10:03 DEBUG    [VWAPCalc] 2025-04-17  VWAP=1231.74  SD=2.2221
17:10:03 DEBUG    [VWAPCalc] 2025-04-17  VWAP=1232.09  SD=2.5702
17:10:03 DEBUG    [VWAPCalc] 2025-04-17  VWAP=1232.50  SD=2.9128
17:10:03 DEBUG    [VWAPCalc] 2025-04-17  VWAP=1232.70  SD=3.0127
17:10:03 DEBUG    [VWAPCalc] 2025-04-17  VWAP=1233.22  SD=3.2487
17:10:03 DEBUG    [VWAPCalc] 2025-04-17  VWAP=1233.49  SD=3.3299
17:10:03 DEBUG    [VWAPCalc] 2025-04-17  VWAP=1233.65  SD=3.4202
17:10:03 DEBUG    [VWAPCalc] 2025-04-17  VWAP=1234.07  SD=3.7240
17:10:03 DEBUG    [VWAPCalc] 2025-04-17  VWAP=1234.36  SD=3.9277
17:10:03 DEBUG    [VWAPCalc] 2025-04-17  VWAP=1234.92  SD=4.4972
17:10:03 DEBUG    [VWAPCalc] 2025-04-17  VWAP=1235.23  SD=4.7949
17:10:03 DEBUG    [VWAPCalc] 2025-04-17  VWAP=1235.33  SD=4.8692
17:10:03 DEBUG    [VWAPCalc] 2025-04-17  VWAP=1235.47  SD=4.9645
17:10:03 DEBUG    [VWAPCalc] 2025-04-17  VWAP=1235.91  SD=5.3153
17:10:03 DEBUG    [VWAPCalc] 2025-04-17  VWAP=1236.35  SD=5.6584
17:10:03 DEBUG    [VWAPCalc] 2025-04-17  VWAP=1236.81  SD=6.0154
17:10:03 DEBUG    [VWAPCalc] 2025-04-17  VWAP=1237.54  SD=6.5471
17:10:03 DEBUG    [VWAPCalc] 2025-04-17  VWAP=1237.78  SD=6.7044
17:10:03 DEBUG    [VWAPCalc] 2025-04-17  VWAP=1238.64  SD=7.3047
17:10:03 DEBUG    [VWAPCalc] 2025-04-17  VWAP=1239.28  SD=7.7298
17:10:03 DEBUG    [VWAPCalc] 2025-04-17  VWAP=1239.80  SD=8.0673
17:10:03 DEBUG    [VWAPCalc] 2025-04-17  VWAP=1240.72  SD=8.6840
17:10:03 DEBUG    [VWAPCalc] 2025-04-17  VWAP=1241.24  SD=8.9386
17:10:03 DEBUG    [VWAPCalc] 2025-04-17  VWAP=1241.87  SD=9.2356
17:10:03 DEBUG    [VWAPCalc] 2025-04-17  VWAP=1242.26  SD=9.4065
17:10:03 DEBUG    [VWAPCalc] 2025-04-17  VWAP=1242.52  SD=9.5224
17:10:03 DEBUG    [VWAPCalc] 2025-04-17  VWAP=1242.92  SD=9.7189
17:10:03 DEBUG    [VWAPCalc] 2025-04-17  VWAP=1243.41  SD=9.9639
17:10:03 DEBUG    [VWAPCalc] 2025-04-17  VWAP=1243.72  SD=10.0973
17:10:03 DEBUG    [VWAPCalc] 2025-04-17  VWAP=1244.14  SD=10.2967
17:10:03 DEBUG    [VWAPCalc] 2025-04-17  VWAP=1244.42  SD=10.4230
17:10:03 DEBUG    [VWAPCalc] 2025-04-17  VWAP=1244.80  SD=10.5882
17:10:03 DEBUG    [VWAPCalc] 2025-04-17  VWAP=1245.00  SD=10.6718
17:10:03 DEBUG    [VWAPCalc] 2025-04-17  VWAP=1245.47  SD=10.8853
17:10:03 DEBUG    [VWAPCalc] 2025-04-17  VWAP=1245.88  SD=11.0827
17:10:03 DEBUG    [VWAPCalc] 2025-04-17  VWAP=1246.46  SD=11.3682
17:10:03 DEBUG    [VWAPCalc] 2025-04-17  VWAP=1246.71  SD=11.4555
17:10:03 DEBUG    [VWAPCalc] 2025-04-17  VWAP=1246.96  SD=11.5361
17:10:03 DEBUG    [VWAPCalc] 2025-04-17  VWAP=1247.16  SD=11.6035
17:10:03 DEBUG    [VWAPCalc] 2025-04-17  VWAP=1247.34  SD=11.6632
17:10:03 DEBUG    [VWAPCalc] 2025-04-17  VWAP=1247.53  SD=11.7296
17:10:03 DEBUG    [VWAPCalc] 2025-04-17  VWAP=1247.71  SD=11.7903
17:10:03 DEBUG    [VWAPCalc] 2025-04-17  VWAP=1247.81  SD=11.8183
17:10:03 DEBUG    [VWAPCalc] 2025-04-17  VWAP=1248.09  SD=11.8965
17:10:03 DEBUG    [VWAPCalc] 2025-04-17  VWAP=1248.20  SD=11.9241
17:10:03 DEBUG    [VWAPCalc] 2025-04-17  VWAP=1248.34  SD=11.9571
17:10:03 DEBUG    [VWAPCalc] 2025-04-17  VWAP=1248.50  SD=12.0040
17:10:03 DEBUG    [VWAPCalc] 2025-04-17  VWAP=1248.90  SD=12.1401
17:10:03 DEBUG    [VWAPCalc] 2025-04-17  VWAP=1249.27  SD=12.2813
17:10:03 DEBUG    [VWAPCalc] 2025-04-17  VWAP=1249.54  SD=12.3770
17:10:03 DEBUG    [VWAPCalc] 2025-04-17  VWAP=1249.73  SD=12.4396
17:10:03 DEBUG    [VWAPCalc] 2025-04-17  VWAP=1249.98  SD=12.5108
17:10:03 DEBUG    [VWAPCalc] 2025-04-17  VWAP=1250.09  SD=12.5434
17:10:03 DEBUG    [VWAPCalc] 2025-04-17  VWAP=1250.26  SD=12.5927
17:10:03 DEBUG    [VWAPCalc] 2025-04-17  VWAP=1250.79  SD=12.7558
17:10:03 DEBUG    [VWAPCalc] 2025-04-17  VWAP=1250.96  SD=12.8020
17:10:03 DEBUG    [VWAPCalc] 2025-04-17  VWAP=1251.20  SD=12.8721
17:10:03 DEBUG    [VWAPCalc] 2025-04-17  VWAP=1251.85  SD=13.0718
17:10:03 DEBUG    [VWAPCalc] 2025-04-17  VWAP=1252.09  SD=13.1466
17:10:03 DEBUG    [VWAPCalc] 2025-04-17  VWAP=1252.45  SD=13.2615
17:10:03 DEBUG    [VWAPCalc] 2025-04-17  VWAP=1254.07  SD=13.9939
17:10:03 DEBUG    [VWAPCalc] 2025-04-17  VWAP=1254.55  SD=14.1412
17:10:03 DEBUG    [VWAPCalc] 2025-04-17  VWAP=1254.75  SD=14.1920
17:10:03 DEBUG    [VWAPCalc] 2025-04-17  VWAP=1255.00  SD=14.2618
17:10:03 DEBUG    [VWAPCalc] 2025-04-17  VWAP=1255.31  SD=14.3667
17:10:03 DEBUG    [VWAPCalc] 2025-04-17  VWAP=1255.48  SD=14.4169
17:10:03 DEBUG    [VWAPCalc] 2025-04-17  VWAP=1255.74  SD=14.4998
17:10:03 DEBUG    [VWAPCalc] 2025-04-17  VWAP=1256.12  SD=14.6385
17:10:03 DEBUG    [VWAPCalc] 2025-04-17  VWAP=1256.49  SD=14.7442
17:10:03 DEBUG    [VWAPCalc] 2025-04-17  VWAP=1257.16  SD=14.8965
17:10:03 DEBUG    [VWAPCalc] 2025-04-17  VWAP=1257.39  SD=14.9359
17:10:03 DEBUG    [VWAPCalc] 2025-04-17  VWAP=1257.58  SD=14.9557
17:10:03 DEBUG    [VWAPCalc] 2025-04-17  VWAP=1257.80  SD=14.9914
17:10:03 DEBUG    [VWAPCalc] 2025-04-17  VWAP=1257.95  SD=15.0161
17:10:03 DEBUG    [VWAPCalc] 2025-04-17  VWAP=1258.06  SD=15.0349
17:10:03 DEBUG    [VWAPCalc] 2025-04-17  VWAP=1258.92  SD=15.2495
17:10:03 DEBUG    [VWAPCalc] 2025-04-17  VWAP=1259.20  SD=15.2908
17:10:03 DEBUG    [VWAPCalc] 2025-04-17  VWAP=1259.40  SD=15.3244
17:10:03 DEBUG    [VWAPCalc] 2025-04-17  VWAP=1259.54  SD=15.3462
17:10:03 DEBUG    [VWAPCalc] 2025-04-17  VWAP=1259.72  SD=15.3649
17:10:03 DEBUG    [VWAPCalc] 2025-04-17  VWAP=1259.85  SD=15.3806
17:10:03 DEBUG    [VWAPCalc] 2025-04-17  VWAP=1260.03  SD=15.3960
17:10:03 DEBUG    [VWAPCalc] 2025-04-17  VWAP=1260.19  SD=15.4101
17:10:03 DEBUG    [VWAPCalc] 2025-04-17  VWAP=1260.43  SD=15.4303
17:10:03 DEBUG    [VWAPCalc] 2025-04-17  VWAP=1260.76  SD=15.4240
17:10:03 DEBUG    [VWAPCalc] 2025-04-17  VWAP=1261.00  SD=15.4026
17:10:03 DEBUG    [VWAPCalc] 2025-04-17  VWAP=1261.22  SD=15.3730
17:10:03 DEBUG    [VWAPCalc] 2025-04-17  VWAP=1261.40  SD=15.3437
17:10:03 DEBUG    [VWAPCalc] 2025-04-17  VWAP=1261.62  SD=15.2859
17:10:03 DEBUG    [VWAPCalc] 2025-04-17  VWAP=1261.81  SD=15.2467
17:10:03 DEBUG    [VWAPCalc] 2025-04-17  VWAP=1262.02  SD=15.2050
17:10:03 DEBUG    [VWAPCalc] 2025-04-17  VWAP=1262.15  SD=15.1745
17:10:03 DEBUG    [VWAPCalc] 2025-04-17  VWAP=1262.33  SD=15.1352
17:10:03 DEBUG    [VWAPCalc] 2025-04-17  VWAP=1262.45  SD=15.0922
17:10:03 DEBUG    [VWAPCalc] 2025-04-14  VWAP=3290.00  SD=0.0000
17:10:03 DEBUG    [VWAPCalc] 2025-04-14  VWAP=3289.62  SD=0.7522
17:10:03 DEBUG    [VWAPCalc] 2025-04-14  VWAP=3289.91  SD=0.9463
17:10:03 DEBUG    [VWAPCalc] 2025-04-14  VWAP=3289.70  SD=1.1625
17:10:03 DEBUG    [VWAPCalc] 2025-04-14  VWAP=3289.46  SD=1.3485
17:10:03 DEBUG    [VWAPCalc] 2025-04-15  VWAP=3276.20  SD=0.0000
17:10:03 DEBUG    [VWAPCalc] 2025-04-15  VWAP=3274.65  SD=1.6155
17:10:03 DEBUG    [VWAPCalc] 2025-04-15  VWAP=3275.20  SD=1.5437
17:10:03 DEBUG    [VWAPCalc] 2025-04-15  VWAP=3275.75  SD=1.8470
17:10:03 DEBUG    [VWAPCalc] 2025-04-15  VWAP=3276.28  SD=2.1453
17:10:03 DEBUG    [VWAPCalc] 2025-04-15  VWAP=3276.64  SD=2.2209
17:10:03 DEBUG    [VWAPCalc] 2025-04-15  VWAP=3277.33  SD=2.3725
17:10:03 DEBUG    [VWAPCalc] 2025-04-15  VWAP=3277.42  SD=2.3282
17:10:03 DEBUG    [VWAPCalc] 2025-04-15  VWAP=3276.63  SD=2.8828
17:10:03 DEBUG    [VWAPCalc] 2025-04-15  VWAP=3275.58  SD=3.9630
17:10:03 DEBUG    [VWAPCalc] 2025-04-15  VWAP=3274.96  SD=4.4094
17:10:03 DEBUG    [VWAPCalc] 2025-04-15  VWAP=3273.17  SD=6.1508
17:10:03 DEBUG    [VWAPCalc] 2025-04-15  VWAP=3272.35  SD=6.9423
17:10:03 DEBUG    [VWAPCalc] 2025-04-15  VWAP=3270.80  SD=8.3976
17:10:03 DEBUG    [VWAPCalc] 2025-04-15  VWAP=3269.69  SD=9.3285
17:10:03 DEBUG    [VWAPCalc] 2025-04-15  VWAP=3268.70  SD=9.8538
17:10:03 DEBUG    [VWAPCalc] 2025-04-15  VWAP=3268.02  SD=10.0491
17:10:03 DEBUG    [VWAPCalc] 2025-04-15  VWAP=3267.53  SD=10.0594
17:10:03 DEBUG    [VWAPCalc] 2025-04-15  VWAP=3267.03  SD=9.9948
17:10:03 DEBUG    [VWAPCalc] 2025-04-15  VWAP=3266.71  SD=9.8980
17:10:03 DEBUG    [VWAPCalc] 2025-04-15  VWAP=3266.51  SD=9.8874
17:10:03 DEBUG    [VWAPCalc] 2025-04-15  VWAP=3266.06  SD=9.9664
17:10:03 DEBUG    [VWAPCalc] 2025-04-15  VWAP=3265.65  SD=10.0714
17:10:03 DEBUG    [VWAPCalc] 2025-04-15  VWAP=3265.33  SD=10.0437
17:10:03 DEBUG    [VWAPCalc] 2025-04-15  VWAP=3265.16  SD=10.0322
17:10:03 DEBUG    [VWAPCalc] 2025-04-15  VWAP=3264.97  SD=9.9590
17:10:03 DEBUG    [VWAPCalc] 2025-04-15  VWAP=3264.87  SD=9.8568
17:10:03 DEBUG    [VWAPCalc] 2025-04-15  VWAP=3264.77  SD=9.8157
17:10:03 DEBUG    [VWAPCalc] 2025-04-15  VWAP=3264.65  SD=9.7662
17:10:03 DEBUG    [VWAPCalc] 2025-04-15  VWAP=3264.48  SD=9.7437
17:10:03 DEBUG    [VWAPCalc] 2025-04-15  VWAP=3264.40  SD=9.7060
17:10:03 DEBUG    [VWAPCalc] 2025-04-15  VWAP=3264.28  SD=9.6720
17:10:03 DEBUG    [VWAPCalc] 2025-04-15  VWAP=3264.18  SD=9.6337
17:10:03 DEBUG    [VWAPCalc] 2025-04-15  VWAP=3264.06  SD=9.6364
17:10:03 DEBUG    [VWAPCalc] 2025-04-15  VWAP=3263.89  SD=9.6735
17:10:03 DEBUG    [VWAPCalc] 2025-04-15  VWAP=3263.49  SD=9.8246
17:10:03 DEBUG    [VWAPCalc] 2025-04-15  VWAP=3263.31  SD=9.8368
17:10:03 DEBUG    [VWAPCalc] 2025-04-15  VWAP=3263.16  SD=9.8312
17:10:03 DEBUG    [VWAPCalc] 2025-04-15  VWAP=3262.99  SD=9.8133
17:10:03 DEBUG    [VWAPCalc] 2025-04-15  VWAP=3262.83  SD=9.7819
17:10:03 DEBUG    [VWAPCalc] 2025-04-15  VWAP=3262.50  SD=9.8005
17:10:03 DEBUG    [VWAPCalc] 2025-04-15  VWAP=3262.36  SD=9.8166
17:10:03 DEBUG    [VWAPCalc] 2025-04-15  VWAP=3262.15  SD=9.8429
17:10:03 DEBUG    [VWAPCalc] 2025-04-15  VWAP=3261.88  SD=9.9055
17:10:03 DEBUG    [VWAPCalc] 2025-04-15  VWAP=3261.52  SD=10.0879
17:10:03 DEBUG    [VWAPCalc] 2025-04-15  VWAP=3261.16  SD=10.2725
17:10:03 DEBUG    [VWAPCalc] 2025-04-15  VWAP=3260.75  SD=10.4860
17:10:03 DEBUG    [VWAPCalc] 2025-04-15  VWAP=3260.17  SD=10.8290
17:10:03 DEBUG    [VWAPCalc] 2025-04-15  VWAP=3259.90  SD=10.9507
17:10:03 DEBUG    [VWAPCalc] 2025-04-15  VWAP=3259.62  SD=11.0939
17:10:03 DEBUG    [VWAPCalc] 2025-04-15  VWAP=3259.38  SD=11.1997
17:10:03 DEBUG    [VWAPCalc] 2025-04-15  VWAP=3259.19  SD=11.2705
17:10:03 DEBUG    [VWAPCalc] 2025-04-15  VWAP=3258.82  SD=11.2832
17:10:03 DEBUG    [VWAPCalc] 2025-04-15  VWAP=3258.69  SD=11.0842
17:10:03 DEBUG    [VWAPCalc] 2025-04-15  VWAP=3258.64  SD=11.0196
17:10:03 DEBUG    [VWAPCalc] 2025-04-15  VWAP=3258.58  SD=10.9662
17:10:03 DEBUG    [VWAPCalc] 2025-04-15  VWAP=3258.51  SD=10.7845
17:10:03 DEBUG    [VWAPCalc] 2025-04-15  VWAP=3258.46  SD=10.6620
17:10:03 DEBUG    [VWAPCalc] 2025-04-15  VWAP=3258.44  SD=10.5840
17:10:03 DEBUG    [VWAPCalc] 2025-04-15  VWAP=3258.45  SD=10.5270
17:10:03 DEBUG    [VWAPCalc] 2025-04-15  VWAP=3258.44  SD=10.4825
17:10:03 DEBUG    [VWAPCalc] 2025-04-15  VWAP=3258.44  SD=10.3554
17:10:03 DEBUG    [VWAPCalc] 2025-04-15  VWAP=3258.52  SD=10.2350
17:10:03 DEBUG    [VWAPCalc] 2025-04-15  VWAP=3258.54  SD=10.1779
17:10:03 DEBUG    [VWAPCalc] 2025-04-15  VWAP=3258.55  SD=10.0881
17:10:03 DEBUG    [VWAPCalc] 2025-04-15  VWAP=3258.59  SD=10.0234
17:10:03 DEBUG    [VWAPCalc] 2025-04-15  VWAP=3258.64  SD=9.9527
17:10:03 DEBUG    [VWAPCalc] 2025-04-15  VWAP=3258.64  SD=9.8967
17:10:03 DEBUG    [VWAPCalc] 2025-04-15  VWAP=3258.63  SD=9.8461
17:10:03 DEBUG    [VWAPCalc] 2025-04-15  VWAP=3258.62  SD=9.7863
17:10:03 DEBUG    [VWAPCalc] 2025-04-15  VWAP=3258.62  SD=9.7033
17:10:03 DEBUG    [VWAPCalc] 2025-04-15  VWAP=3258.62  SD=9.6488
17:10:03 DEBUG    [VWAPCalc] 2025-04-15  VWAP=3258.60  SD=9.6073
17:10:03 DEBUG    [VWAPCalc] 2025-04-15  VWAP=3258.59  SD=9.5781
17:10:03 DEBUG    [VWAPCalc] 2025-04-15  VWAP=3258.58  SD=9.5543
17:10:03 DEBUG    [VWAPCalc] 2025-04-15  VWAP=3258.57  SD=9.5361
17:10:03 DEBUG    [VWAPCalc] 2025-04-15  VWAP=3258.50  SD=9.4942
17:10:03 DEBUG    [VWAPCalc] 2025-04-15  VWAP=3258.45  SD=9.4689
17:10:03 DEBUG    [VWAPCalc] 2025-04-15  VWAP=3258.41  SD=9.4325
17:10:03 DEBUG    [VWAPCalc] 2025-04-15  VWAP=3258.40  SD=9.4157
17:10:03 DEBUG    [VWAPCalc] 2025-04-15  VWAP=3257.91  SD=9.1818
17:10:03 DEBUG    [VWAPCalc] 2025-04-15  VWAP=3257.88  SD=9.1664
17:10:03 DEBUG    [VWAPCalc] 2025-04-15  VWAP=3257.86  SD=9.1559
17:10:03 DEBUG    [VWAPCalc] 2025-04-15  VWAP=3257.82  SD=9.1475
17:10:03 DEBUG    [VWAPCalc] 2025-04-15  VWAP=3257.71  SD=9.1087
17:10:03 DEBUG    [VWAPCalc] 2025-04-15  VWAP=3257.59  SD=9.0645
17:10:03 DEBUG    [VWAPCalc] 2025-04-15  VWAP=3257.55  SD=9.0498
17:10:03 DEBUG    [VWAPCalc] 2025-04-15  VWAP=3257.49  SD=9.0370
17:10:03 DEBUG    [VWAPCalc] 2025-04-15  VWAP=3257.38  SD=9.0361
17:10:03 DEBUG    [VWAPCalc] 2025-04-15  VWAP=3257.31  SD=9.0403
17:10:03 DEBUG    [VWAPCalc] 2025-04-15  VWAP=3257.17  SD=9.0641
17:10:03 DEBUG    [VWAPCalc] 2025-04-15  VWAP=3257.03  SD=9.1111
17:10:03 DEBUG    [VWAPCalc] 2025-04-15  VWAP=3256.88  SD=9.1129
17:10:03 DEBUG    [VWAPCalc] 2025-04-15  VWAP=3256.67  SD=9.1359
17:10:03 DEBUG    [VWAPCalc] 2025-04-15  VWAP=3256.56  SD=9.1535
17:10:03 DEBUG    [VWAPCalc] 2025-04-15  VWAP=3256.47  SD=9.1349
17:10:03 DEBUG    [VWAPCalc] 2025-04-15  VWAP=3256.43  SD=9.1138
17:10:03 DEBUG    [VWAPCalc] 2025-04-15  VWAP=3256.36  SD=9.0328
17:10:03 DEBUG    [VWAPCalc] 2025-04-15  VWAP=3256.34  SD=9.0008
17:10:03 DEBUG    [VWAPCalc] 2025-04-15  VWAP=3256.29  SD=8.9362
17:10:03 DEBUG    [VWAPCalc] 2025-04-15  VWAP=3256.22  SD=8.9076
17:10:03 DEBUG    [VWAPCalc] 2025-04-15  VWAP=3256.17  SD=8.8946
17:10:03 DEBUG    [VWAPCalc] 2025-04-15  VWAP=3256.14  SD=8.8845
17:10:03 DEBUG    [VWAPCalc] 2025-04-15  VWAP=3256.05  SD=8.8510
17:10:03 DEBUG    [VWAPCalc] 2025-04-15  VWAP=3255.97  SD=8.8118
17:10:03 DEBUG    [VWAPCalc] 2025-04-15  VWAP=3255.92  SD=8.7990
17:10:03 DEBUG    [VWAPCalc] 2025-04-15  VWAP=3255.77  SD=8.7555
17:10:03 DEBUG    [VWAPCalc] 2025-04-15  VWAP=3255.51  SD=8.7851
17:10:03 DEBUG    [VWAPCalc] 2025-04-15  VWAP=3255.23  SD=8.8457
17:10:03 DEBUG    [VWAPCalc] 2025-04-15  VWAP=3255.09  SD=8.8790
17:10:03 DEBUG    [VWAPCalc] 2025-04-15  VWAP=3254.81  SD=8.9115
17:10:03 DEBUG    [VWAPCalc] 2025-04-15  VWAP=3254.56  SD=8.8995
17:10:03 DEBUG    [VWAPCalc] 2025-04-15  VWAP=3254.32  SD=8.8924
17:10:03 DEBUG    [VWAPCalc] 2025-04-15  VWAP=3254.01  SD=8.8211
17:10:03 DEBUG    [VWAPCalc] 2025-04-15  VWAP=3253.83  SD=8.7576
17:10:03 DEBUG    [VWAPCalc] 2025-04-15  VWAP=3253.66  SD=8.6145
17:10:03 DEBUG    [VWAPCalc] 2025-04-15  VWAP=3253.51  SD=8.4788
17:10:03 DEBUG    [VWAPCalc] 2025-04-15  VWAP=3253.39  SD=8.3959
17:10:03 DEBUG    [VWAPCalc] 2025-04-15  VWAP=3253.32  SD=8.3174
17:10:03 DEBUG    [VWAPCalc] 2025-04-15  VWAP=3253.32  SD=8.2587
17:10:03 DEBUG    [VWAPCalc] 2025-04-15  VWAP=3253.09  SD=8.2573
17:10:03 DEBUG    [VWAPCalc] 2025-04-15  VWAP=3253.04  SD=8.2192
17:10:03 DEBUG    [VWAPCalc] 2025-04-15  VWAP=3253.03  SD=8.1964
17:10:03 DEBUG    [VWAPCalc] 2025-04-15  VWAP=3253.06  SD=8.1731
17:10:03 DEBUG    [VWAPCalc] 2025-04-15  VWAP=3253.17  SD=8.2057
17:10:03 DEBUG    [VWAPCalc] 2025-04-16  VWAP=3267.63  SD=0.0000
17:10:03 DEBUG    [VWAPCalc] 2025-04-16  VWAP=3266.16  SD=0.7600
17:10:03 DEBUG    [VWAPCalc] 2025-04-16  VWAP=3266.79  SD=0.9287
17:10:03 DEBUG    [VWAPCalc] 2025-04-16  VWAP=3265.97  SD=2.4926
17:10:03 DEBUG    [VWAPCalc] 2025-04-16  VWAP=3265.17  SD=3.3071
17:10:03 DEBUG    [VWAPCalc] 2025-04-16  VWAP=3264.27  SD=4.4096
17:10:03 DEBUG    [VWAPCalc] 2025-04-16  VWAP=3262.84  SD=6.1802
17:10:03 DEBUG    [VWAPCalc] 2025-04-16  VWAP=3262.03  SD=6.7704
17:10:03 DEBUG    [VWAPCalc] 2025-04-16  VWAP=3261.38  SD=7.2055
17:10:03 DEBUG    [VWAPCalc] 2025-04-16  VWAP=3260.60  SD=7.7286
17:10:03 DEBUG    [VWAPCalc] 2025-04-16  VWAP=3260.27  SD=7.8957
17:10:03 DEBUG    [VWAPCalc] 2025-04-16  VWAP=3259.84  SD=8.1555
17:10:03 DEBUG    [VWAPCalc] 2025-04-16  VWAP=3259.25  SD=8.5061
17:10:03 DEBUG    [VWAPCalc] 2025-04-16  VWAP=3258.72  SD=8.7260
17:10:03 DEBUG    [VWAPCalc] 2025-04-16  VWAP=3258.41  SD=8.8537
17:10:03 DEBUG    [VWAPCalc] 2025-04-16  VWAP=3257.65  SD=9.2865
17:10:03 DEBUG    [VWAPCalc] 2025-04-16  VWAP=3257.16  SD=9.5073
17:10:03 DEBUG    [VWAPCalc] 2025-04-16  VWAP=3256.46  SD=9.8378
17:10:03 DEBUG    [VWAPCalc] 2025-04-16  VWAP=3256.05  SD=10.0082
17:10:03 DEBUG    [VWAPCalc] 2025-04-16  VWAP=3255.71  SD=10.1160
17:10:03 DEBUG    [VWAPCalc] 2025-04-16  VWAP=3254.91  SD=10.3925
17:10:03 DEBUG    [VWAPCalc] 2025-04-16  VWAP=3254.58  SD=10.4792
17:10:03 DEBUG    [VWAPCalc] 2025-04-16  VWAP=3254.08  SD=10.5973
17:10:03 DEBUG    [VWAPCalc] 2025-04-16  VWAP=3253.82  SD=10.5630
17:10:03 DEBUG    [VWAPCalc] 2025-04-16  VWAP=3253.68  SD=10.5256
17:10:03 DEBUG    [VWAPCalc] 2025-04-16  VWAP=3253.62  SD=10.5087
17:10:03 DEBUG    [VWAPCalc] 2025-04-16  VWAP=3253.44  SD=10.4200
17:10:03 DEBUG    [VWAPCalc] 2025-04-16  VWAP=3253.31  SD=10.2983
17:10:03 DEBUG    [VWAPCalc] 2025-04-16  VWAP=3253.21  SD=10.2570
17:10:03 DEBUG    [VWAPCalc] 2025-04-16  VWAP=3253.07  SD=10.2063
17:10:03 DEBUG    [VWAPCalc] 2025-04-16  VWAP=3252.77  SD=10.1267
17:10:03 DEBUG    [VWAPCalc] 2025-04-16  VWAP=3252.35  SD=10.0846
17:10:03 DEBUG    [VWAPCalc] 2025-04-16  VWAP=3252.16  SD=10.0069
17:10:03 DEBUG    [VWAPCalc] 2025-04-16  VWAP=3252.05  SD=9.9185
17:10:03 DEBUG    [VWAPCalc] 2025-04-16  VWAP=3251.96  SD=9.8401
17:10:03 DEBUG    [VWAPCalc] 2025-04-16  VWAP=3251.88  SD=9.7381
17:10:03 DEBUG    [VWAPCalc] 2025-04-16  VWAP=3251.86  SD=9.6935
17:10:03 DEBUG    [VWAPCalc] 2025-04-16  VWAP=3251.81  SD=9.6128
17:10:03 DEBUG    [VWAPCalc] 2025-04-16  VWAP=3251.79  SD=9.5718
17:10:03 DEBUG    [VWAPCalc] 2025-04-16  VWAP=3251.79  SD=9.4933
17:10:03 DEBUG    [VWAPCalc] 2025-04-16  VWAP=3251.80  SD=9.1282
17:10:03 DEBUG    [VWAPCalc] 2025-04-16  VWAP=3251.82  SD=9.0861
17:10:03 DEBUG    [VWAPCalc] 2025-04-16  VWAP=3251.83  SD=9.0299
17:10:03 DEBUG    [VWAPCalc] 2025-04-16  VWAP=3251.83  SD=8.9945
17:10:03 DEBUG    [VWAPCalc] 2025-04-16  VWAP=3251.87  SD=8.9487
17:10:03 DEBUG    [VWAPCalc] 2025-04-16  VWAP=3252.01  SD=8.9146
17:10:03 DEBUG    [VWAPCalc] 2025-04-16  VWAP=3252.06  SD=8.8931
17:10:03 DEBUG    [VWAPCalc] 2025-04-16  VWAP=3252.09  SD=8.8727
17:10:03 DEBUG    [VWAPCalc] 2025-04-16  VWAP=3252.14  SD=8.8190
17:10:03 DEBUG    [VWAPCalc] 2025-04-16  VWAP=3252.17  SD=8.7857
17:10:03 DEBUG    [VWAPCalc] 2025-04-16  VWAP=3252.22  SD=8.7496
17:10:03 DEBUG    [VWAPCalc] 2025-04-16  VWAP=3252.29  SD=8.7219
17:10:03 DEBUG    [VWAPCalc] 2025-04-16  VWAP=3252.46  SD=8.7036
17:10:03 DEBUG    [VWAPCalc] 2025-04-16  VWAP=3252.55  SD=8.7124
17:10:03 DEBUG    [VWAPCalc] 2025-04-16  VWAP=3252.65  SD=8.7235
17:10:03 DEBUG    [VWAPCalc] 2025-04-16  VWAP=3252.84  SD=8.7615
17:10:03 DEBUG    [VWAPCalc] 2025-04-16  VWAP=3253.24  SD=8.8581
17:10:03 DEBUG    [VWAPCalc] 2025-04-16  VWAP=3253.72  SD=9.0627
17:10:03 DEBUG    [VWAPCalc] 2025-04-16  VWAP=3253.97  SD=9.1898
17:10:03 DEBUG    [VWAPCalc] 2025-04-16  VWAP=3254.15  SD=9.2518
17:10:03 DEBUG    [VWAPCalc] 2025-04-16  VWAP=3254.48  SD=9.3581
17:10:03 DEBUG    [VWAPCalc] 2025-04-16  VWAP=3254.56  SD=9.3733
17:10:03 DEBUG    [VWAPCalc] 2025-04-16  VWAP=3255.00  SD=9.5184
17:10:03 DEBUG    [VWAPCalc] 2025-04-16  VWAP=3255.08  SD=9.5368
17:10:03 DEBUG    [VWAPCalc] 2025-04-16  VWAP=3255.16  SD=9.5459
17:10:03 DEBUG    [VWAPCalc] 2025-04-16  VWAP=3255.31  SD=9.5424
17:10:03 DEBUG    [VWAPCalc] 2025-04-16  VWAP=3255.64  SD=9.5243
17:10:03 DEBUG    [VWAPCalc] 2025-04-16  VWAP=3255.75  SD=9.5248
17:10:03 DEBUG    [VWAPCalc] 2025-04-16  VWAP=3255.81  SD=9.5208
17:10:03 DEBUG    [VWAPCalc] 2025-04-16  VWAP=3255.90  SD=9.5157
17:10:03 DEBUG    [VWAPCalc] 2025-04-16  VWAP=3256.00  SD=9.4881
17:10:03 DEBUG    [VWAPCalc] 2025-04-16  VWAP=3256.13  SD=9.3972
17:10:03 DEBUG    [VWAPCalc] 2025-04-16  VWAP=3256.16  SD=9.3745
17:10:03 DEBUG    [VWAPCalc] 2025-04-16  VWAP=3256.24  SD=9.3200
17:10:03 DEBUG    [VWAPCalc] 2025-04-16  VWAP=3256.33  SD=9.3039
17:10:03 DEBUG    [VWAPCalc] 2025-04-16  VWAP=3256.52  SD=9.2628
17:10:03 DEBUG    [VWAPCalc] 2025-04-16  VWAP=3256.56  SD=9.2397
17:10:03 DEBUG    [VWAPCalc] 2025-04-16  VWAP=3256.59  SD=9.2077
17:10:03 DEBUG    [VWAPCalc] 2025-04-16  VWAP=3256.65  SD=9.1315
17:10:03 DEBUG    [VWAPCalc] 2025-04-16  VWAP=3256.76  SD=8.9655
17:10:03 DEBUG    [VWAPCalc] 2025-04-16  VWAP=3256.79  SD=8.9239
17:10:03 DEBUG    [VWAPCalc] 2025-04-16  VWAP=3256.81  SD=8.8615
17:10:03 DEBUG    [VWAPCalc] 2025-04-16  VWAP=3256.88  SD=8.7884
17:10:03 DEBUG    [VWAPCalc] 2025-04-16  VWAP=3256.88  SD=8.7736
17:10:03 DEBUG    [VWAPCalc] 2025-04-16  VWAP=3256.89  SD=8.7606
17:10:03 DEBUG    [VWAPCalc] 2025-04-16  VWAP=3256.90  SD=8.7341
17:10:03 DEBUG    [VWAPCalc] 2025-04-16  VWAP=3256.91  SD=8.7152
17:10:03 DEBUG    [VWAPCalc] 2025-04-16  VWAP=3256.91  SD=8.6992
17:10:03 DEBUG    [VWAPCalc] 2025-04-16  VWAP=3256.95  SD=8.6114
17:10:03 DEBUG    [VWAPCalc] 2025-04-16  VWAP=3257.20  SD=8.5070
17:10:03 DEBUG    [VWAPCalc] 2025-04-16  VWAP=3257.36  SD=8.5072
17:10:03 DEBUG    [VWAPCalc] 2025-04-16  VWAP=3257.42  SD=8.5038
17:10:03 DEBUG    [VWAPCalc] 2025-04-16  VWAP=3257.45  SD=8.5035
17:10:03 DEBUG    [VWAPCalc] 2025-04-16  VWAP=3257.62  SD=8.5414
17:10:03 DEBUG    [VWAPCalc] 2025-04-16  VWAP=3257.87  SD=8.6844
17:10:03 DEBUG    [VWAPCalc] 2025-04-16  VWAP=3257.94  SD=8.7151
17:10:03 DEBUG    [VWAPCalc] 2025-04-16  VWAP=3258.01  SD=8.7460
17:10:03 DEBUG    [VWAPCalc] 2025-04-16  VWAP=3258.34  SD=8.9729
17:10:03 DEBUG    [VWAPCalc] 2025-04-16  VWAP=3258.49  SD=9.0766
17:10:03 DEBUG    [VWAPCalc] 2025-04-16  VWAP=3258.63  SD=9.1735
17:10:03 DEBUG    [VWAPCalc] 2025-04-16  VWAP=3258.72  SD=9.2253
17:10:03 DEBUG    [VWAPCalc] 2025-04-16  VWAP=3258.80  SD=9.2538
17:10:03 DEBUG    [VWAPCalc] 2025-04-16  VWAP=3259.02  SD=9.3500
17:10:03 DEBUG    [VWAPCalc] 2025-04-16  VWAP=3259.20  SD=9.4362
17:10:03 DEBUG    [VWAPCalc] 2025-04-16  VWAP=3259.32  SD=9.4814
17:10:03 DEBUG    [VWAPCalc] 2025-04-16  VWAP=3259.40  SD=9.5011
17:10:03 DEBUG    [VWAPCalc] 2025-04-16  VWAP=3259.47  SD=9.5214
17:10:03 DEBUG    [VWAPCalc] 2025-04-16  VWAP=3259.59  SD=9.5381
17:10:03 DEBUG    [VWAPCalc] 2025-04-16  VWAP=3259.65  SD=9.5379
17:10:03 DEBUG    [VWAPCalc] 2025-04-16  VWAP=3259.72  SD=9.5378
17:10:03 DEBUG    [VWAPCalc] 2025-04-16  VWAP=3259.92  SD=9.5720
17:10:03 DEBUG    [VWAPCalc] 2025-04-16  VWAP=3260.17  SD=9.6646
17:10:03 DEBUG    [VWAPCalc] 2025-04-16  VWAP=3260.37  SD=9.7392
17:10:03 DEBUG    [VWAPCalc] 2025-04-16  VWAP=3260.57  SD=9.7983
17:10:03 DEBUG    [VWAPCalc] 2025-04-16  VWAP=3260.72  SD=9.8174
17:10:03 DEBUG    [VWAPCalc] 2025-04-16  VWAP=3260.96  SD=9.8543
17:10:03 DEBUG    [VWAPCalc] 2025-04-16  VWAP=3261.24  SD=9.9323
17:10:03 DEBUG    [VWAPCalc] 2025-04-16  VWAP=3261.47  SD=10.0037
17:10:03 DEBUG    [VWAPCalc] 2025-04-16  VWAP=3261.73  SD=10.0834
17:10:03 DEBUG    [VWAPCalc] 2025-04-16  VWAP=3261.93  SD=10.1320
17:10:03 DEBUG    [VWAPCalc] 2025-04-16  VWAP=3259.53  SD=12.6592
17:10:03 DEBUG    [VWAPCalc] 2025-04-16  VWAP=3258.77  SD=13.4225
17:10:03 DEBUG    [VWAPCalc] 2025-04-16  VWAP=3258.30  SD=13.8671
17:10:03 DEBUG    [VWAPCalc] 2025-04-16  VWAP=3257.82  SD=14.3056
17:10:03 DEBUG    [VWAPCalc] 2025-04-16  VWAP=3257.54  SD=14.5529
17:10:03 DEBUG    [VWAPCalc] 2025-04-17  VWAP=3221.40  SD=0.0000
17:10:03 DEBUG    [VWAPCalc] 2025-04-17  VWAP=3220.78  SD=0.7390
17:10:03 DEBUG    [VWAPCalc] 2025-04-17  VWAP=3221.38  SD=1.2630
17:10:03 DEBUG    [VWAPCalc] 2025-04-17  VWAP=3221.92  SD=1.6868
17:10:03 DEBUG    [VWAPCalc] 2025-04-17  VWAP=3223.38  SD=3.2722
17:10:03 DEBUG    [VWAPCalc] 2025-04-17  VWAP=3224.42  SD=3.8836
17:10:03 DEBUG    [VWAPCalc] 2025-04-17  VWAP=3225.03  SD=4.0714
17:10:03 DEBUG    [VWAPCalc] 2025-04-17  VWAP=3225.45  SD=4.2083
17:10:03 DEBUG    [VWAPCalc] 2025-04-17  VWAP=3226.18  SD=4.6991
17:10:03 DEBUG    [VWAPCalc] 2025-04-17  VWAP=3227.23  SD=5.4664
17:10:03 DEBUG    [VWAPCalc] 2025-04-17  VWAP=3227.88  SD=5.5405
17:10:03 DEBUG    [VWAPCalc] 2025-04-17  VWAP=3228.17  SD=5.5504
17:10:03 DEBUG    [VWAPCalc] 2025-04-17  VWAP=3228.26  SD=5.4922
17:10:03 DEBUG    [VWAPCalc] 2025-04-17  VWAP=3228.28  SD=5.3458
17:10:03 DEBUG    [VWAPCalc] 2025-04-17  VWAP=3228.35  SD=5.2327
17:10:03 DEBUG    [VWAPCalc] 2025-04-17  VWAP=3228.43  SD=5.1173
17:10:03 DEBUG    [VWAPCalc] 2025-04-17  VWAP=3228.43  SD=5.0463
17:10:03 DEBUG    [VWAPCalc] 2025-04-17  VWAP=3228.43  SD=4.9678
17:10:03 DEBUG    [VWAPCalc] 2025-04-17  VWAP=3228.56  SD=4.9338
17:10:03 DEBUG    [VWAPCalc] 2025-04-17  VWAP=3228.60  SD=4.9129
17:10:03 DEBUG    [VWAPCalc] 2025-04-17  VWAP=3228.78  SD=4.9369
17:10:03 DEBUG    [VWAPCalc] 2025-04-17  VWAP=3228.87  SD=4.9613
17:10:03 DEBUG    [VWAPCalc] 2025-04-17  VWAP=3229.03  SD=4.9969
17:10:03 DEBUG    [VWAPCalc] 2025-04-17  VWAP=3229.22  SD=5.0969
17:10:03 DEBUG    [VWAPCalc] 2025-04-17  VWAP=3229.27  SD=5.1138
17:10:03 DEBUG    [VWAPCalc] 2025-04-17  VWAP=3229.58  SD=5.2905
17:10:03 DEBUG    [VWAPCalc] 2025-04-17  VWAP=3229.71  SD=5.3802
17:10:03 DEBUG    [VWAPCalc] 2025-04-17  VWAP=3229.83  SD=5.4151
17:10:03 DEBUG    [VWAPCalc] 2025-04-17  VWAP=3229.90  SD=5.4142
17:10:03 DEBUG    [VWAPCalc] 2025-04-17  VWAP=3229.98  SD=5.4102
17:10:03 DEBUG    [VWAPCalc] 2025-04-17  VWAP=3230.23  SD=5.3540
17:10:03 DEBUG    [VWAPCalc] 2025-04-17  VWAP=3230.35  SD=5.3474
17:10:03 DEBUG    [VWAPCalc] 2025-04-17  VWAP=3230.40  SD=5.3600
17:10:03 DEBUG    [VWAPCalc] 2025-04-17  VWAP=3230.58  SD=5.4618
17:10:03 DEBUG    [VWAPCalc] 2025-04-17  VWAP=3230.72  SD=5.5280
17:10:03 DEBUG    [VWAPCalc] 2025-04-17  VWAP=3231.16  SD=5.8681
17:10:03 DEBUG    [VWAPCalc] 2025-04-17  VWAP=3231.64  SD=6.2672
17:10:03 DEBUG    [VWAPCalc] 2025-04-17  VWAP=3232.01  SD=6.6134
17:10:03 DEBUG    [VWAPCalc] 2025-04-17  VWAP=3232.31  SD=6.8870
17:10:03 DEBUG    [VWAPCalc] 2025-04-17  VWAP=3233.10  SD=7.6752
17:10:03 DEBUG    [VWAPCalc] 2025-04-17  VWAP=3233.64  SD=8.2298
17:10:03 DEBUG    [VWAPCalc] 2025-04-17  VWAP=3234.26  SD=8.8656
17:10:03 DEBUG    [VWAPCalc] 2025-04-17  VWAP=3234.82  SD=9.4237
17:10:03 DEBUG    [VWAPCalc] 2025-04-17  VWAP=3235.09  SD=9.6312
17:10:03 DEBUG    [VWAPCalc] 2025-04-17  VWAP=3235.82  SD=10.2733
17:10:03 DEBUG    [VWAPCalc] 2025-04-17  VWAP=3236.52  SD=10.8574
17:10:03 DEBUG    [VWAPCalc] 2025-04-17  VWAP=3236.78  SD=11.0274
17:10:03 DEBUG    [VWAPCalc] 2025-04-17  VWAP=3237.56  SD=11.5163
17:10:03 DEBUG    [VWAPCalc] 2025-04-17  VWAP=3238.02  SD=11.6658
17:10:03 DEBUG    [VWAPCalc] 2025-04-17  VWAP=3238.25  SD=11.7704
17:10:03 DEBUG    [VWAPCalc] 2025-04-17  VWAP=3238.45  SD=11.8427
17:10:03 DEBUG    [VWAPCalc] 2025-04-17  VWAP=3238.60  SD=11.8996
17:10:03 DEBUG    [VWAPCalc] 2025-04-17  VWAP=3238.82  SD=11.9813
17:10:03 DEBUG    [VWAPCalc] 2025-04-17  VWAP=3239.16  SD=12.1358
17:10:03 DEBUG    [VWAPCalc] 2025-04-17  VWAP=3239.43  SD=12.2511
17:10:03 DEBUG    [VWAPCalc] 2025-04-17  VWAP=3239.65  SD=12.3543
17:10:03 DEBUG    [VWAPCalc] 2025-04-17  VWAP=3239.91  SD=12.4753
17:10:03 DEBUG    [VWAPCalc] 2025-04-17  VWAP=3240.18  SD=12.6101
17:10:03 DEBUG    [VWAPCalc] 2025-04-17  VWAP=3240.64  SD=12.9044
17:10:03 DEBUG    [VWAPCalc] 2025-04-17  VWAP=3241.36  SD=13.4410
17:10:03 DEBUG    [VWAPCalc] 2025-04-17  VWAP=3242.29  SD=14.1054
17:10:03 DEBUG    [VWAPCalc] 2025-04-17  VWAP=3243.20  SD=14.7354
17:10:03 DEBUG    [VWAPCalc] 2025-04-17  VWAP=3243.56  SD=14.9125
17:10:03 DEBUG    [VWAPCalc] 2025-04-17  VWAP=3243.99  SD=15.1247
17:10:03 DEBUG    [VWAPCalc] 2025-04-17  VWAP=3244.41  SD=15.3652
17:10:03 DEBUG    [VWAPCalc] 2025-04-17  VWAP=3244.97  SD=15.7374
17:10:03 DEBUG    [VWAPCalc] 2025-04-17  VWAP=3246.23  SD=16.6448
17:10:03 DEBUG    [VWAPCalc] 2025-04-17  VWAP=3246.64  SD=16.9033
17:10:03 DEBUG    [VWAPCalc] 2025-04-17  VWAP=3246.90  SD=17.0578
17:10:03 DEBUG    [VWAPCalc] 2025-04-17  VWAP=3247.23  SD=17.1519
17:10:03 DEBUG    [VWAPCalc] 2025-04-17  VWAP=3247.39  SD=17.1981
17:10:03 DEBUG    [VWAPCalc] 2025-04-17  VWAP=3247.65  SD=17.2832
17:10:03 DEBUG    [VWAPCalc] 2025-04-17  VWAP=3247.99  SD=17.4346
17:10:03 DEBUG    [VWAPCalc] 2025-04-17  VWAP=3248.21  SD=17.5323
17:10:03 DEBUG    [VWAPCalc] 2025-04-17  VWAP=3248.49  SD=17.6768
17:10:03 DEBUG    [VWAPCalc] 2025-04-17  VWAP=3249.09  SD=17.9468
17:10:03 DEBUG    [VWAPCalc] 2025-04-17  VWAP=3249.32  SD=18.0343
17:10:03 DEBUG    [VWAPCalc] 2025-04-17  VWAP=3249.61  SD=18.1517
17:10:03 DEBUG    [VWAPCalc] 2025-04-17  VWAP=3249.92  SD=18.2695
17:10:03 DEBUG    [VWAPCalc] 2025-04-17  VWAP=3250.10  SD=18.3393
17:10:03 DEBUG    [VWAPCalc] 2025-04-17  VWAP=3250.45  SD=18.4829
17:10:03 DEBUG    [VWAPCalc] 2025-04-17  VWAP=3250.87  SD=18.6154
17:10:03 DEBUG    [VWAPCalc] 2025-04-17  VWAP=3251.42  SD=18.8107
17:10:03 DEBUG    [VWAPCalc] 2025-04-17  VWAP=3252.72  SD=19.5325
17:10:03 DEBUG    [VWAPCalc] 2025-04-17  VWAP=3253.21  SD=19.8548
17:10:03 DEBUG    [VWAPCalc] 2025-04-17  VWAP=3253.71  SD=20.1713
17:10:03 DEBUG    [VWAPCalc] 2025-04-17  VWAP=3254.00  SD=20.3514
17:10:03 DEBUG    [VWAPCalc] 2025-04-17  VWAP=3254.61  SD=20.7500
17:10:03 DEBUG    [VWAPCalc] 2025-04-17  VWAP=3254.93  SD=20.9539
17:10:03 DEBUG    [VWAPCalc] 2025-04-17  VWAP=3255.33  SD=21.2366
17:10:03 DEBUG    [VWAPCalc] 2025-04-17  VWAP=3256.27  SD=21.9578
17:10:03 DEBUG    [VWAPCalc] 2025-04-17  VWAP=3256.64  SD=22.2017
17:10:03 DEBUG    [VWAPCalc] 2025-04-17  VWAP=3256.87  SD=22.3415
17:10:03 DEBUG    [VWAPCalc] 2025-04-17  VWAP=3257.31  SD=22.6446
17:10:03 DEBUG    [VWAPCalc] 2025-04-17  VWAP=3257.75  SD=22.9115
17:10:03 DEBUG    [VWAPCalc] 2025-04-17  VWAP=3258.41  SD=23.1733
17:10:03 DEBUG    [VWAPCalc] 2025-04-17  VWAP=3258.71  SD=23.2452
17:10:03 DEBUG    [VWAPCalc] 2025-04-17  VWAP=3259.01  SD=23.2846
17:10:03 DEBUG    [VWAPCalc] 2025-04-17  VWAP=3259.32  SD=23.3453
17:10:03 DEBUG    [VWAPCalc] 2025-04-17  VWAP=3259.51  SD=23.3976
17:10:03 DEBUG    [VWAPCalc] 2025-04-17  VWAP=3259.77  SD=23.4871
17:10:03 DEBUG    [VWAPCalc] 2025-04-17  VWAP=3260.12  SD=23.6236
17:10:03 DEBUG    [VWAPCalc] 2025-04-17  VWAP=3260.37  SD=23.6930
17:10:03 DEBUG    [VWAPCalc] 2025-04-17  VWAP=3260.68  SD=23.7808
17:10:03 DEBUG    [VWAPCalc] 2025-04-17  VWAP=3260.86  SD=23.8469
17:10:03 DEBUG    [VWAPCalc] 2025-04-17  VWAP=3261.14  SD=23.9362
17:10:03 DEBUG    [VWAPCalc] 2025-04-17  VWAP=3261.29  SD=23.9848
17:10:03 DEBUG    [VWAPCalc] 2025-04-17  VWAP=3261.46  SD=24.0375
17:10:03 DEBUG    [VWAPCalc] 2025-04-17  VWAP=3261.69  SD=24.1099
17:10:03 DEBUG    [VWAPCalc] 2025-04-17  VWAP=3262.12  SD=24.2742
17:10:03 DEBUG    [VWAPCalc] 2025-04-17  VWAP=3262.90  SD=24.5996
17:10:03 DEBUG    [VWAPCalc] 2025-04-17  VWAP=3263.44  SD=24.7933
17:10:03 DEBUG    [VWAPCalc] 2025-04-17  VWAP=3263.99  SD=24.9704
17:10:03 DEBUG    [VWAPCalc] 2025-04-17  VWAP=3264.71  SD=25.2009
17:10:03 DEBUG    [VWAPCalc] 2025-04-17  VWAP=3265.26  SD=25.3960
17:10:03 DEBUG    [VWAPCalc] 2025-04-17  VWAP=3265.83  SD=25.5691
17:10:03 DEBUG    [VWAPCalc] 2025-04-17  VWAP=3266.40  SD=25.7169
17:10:03 DEBUG    [VWAPCalc] 2025-04-17  VWAP=3266.72  SD=25.7826
17:10:03 DEBUG    [VWAPCalc] 2025-04-17  VWAP=3267.04  SD=25.8466
17:10:03 DEBUG    [VWAPCalc] 2025-04-17  VWAP=3267.37  SD=25.8946
17:10:37 INFO     [DataFeed] DataFeed task cancelled — closing WebSocket …
17:10:37 WARNING  [DataFeed] WebSocket closed: {'code': 200, 'message': 'Connection Closed', 's': 'ok'}
17:10:41 INFO     [Main] Strategy task cancelled.
17:10:41 INFO     [Main] Shutdown complete — bye!
17:10:41 INFO     [Main] KeyboardInterrupt — terminated.
18:42:05 INFO     [DataFeed] Back‑filled NSE:RELIANCE-EQ: 375 bars
18:42:06 INFO     [DataFeed] Back‑filled NSE:TCS-EQ: 375 bars
18:42:07 INFO     [websocket] Websocket connected
18:42:08 INFO     [DataFeed] WebSocket connected
18:42:09 DEBUG    [VWAPCalc] 2025-04-14  VWAP=1246.20  SD=0.0000
18:42:09 DEBUG    [VWAPCalc] 2025-04-14  VWAP=1246.11  SD=0.2699
18:42:09 DEBUG    [VWAPCalc] 2025-04-14  VWAP=1245.99  SD=0.5207
18:42:09 DEBUG    [VWAPCalc] 2025-04-14  VWAP=1245.81  SD=0.8926
18:42:09 DEBUG    [VWAPCalc] 2025-04-14  VWAP=1245.67  SD=1.0651
18:42:09 DEBUG    [VWAPCalc] 2025-04-15  VWAP=1243.33  SD=0.0000
18:42:09 DEBUG    [VWAPCalc] 2025-04-15  VWAP=1243.36  SD=0.0332
18:42:09 DEBUG    [VWAPCalc] 2025-04-15  VWAP=1243.70  SD=0.3826
18:42:09 DEBUG    [VWAPCalc] 2025-04-15  VWAP=1243.76  SD=0.3896
18:42:09 DEBUG    [VWAPCalc] 2025-04-15  VWAP=1243.83  SD=0.3791
18:42:09 DEBUG    [VWAPCalc] 2025-04-15  VWAP=1243.84  SD=0.3595
18:42:09 DEBUG    [VWAPCalc] 2025-04-15  VWAP=1244.04  SD=0.5599
18:42:09 DEBUG    [VWAPCalc] 2025-04-15  VWAP=1244.40  SD=0.9835
18:42:09 DEBUG    [VWAPCalc] 2025-04-15  VWAP=1244.49  SD=1.0106
18:42:09 DEBUG    [VWAPCalc] 2025-04-15  VWAP=1244.49  SD=0.9857
18:42:09 DEBUG    [VWAPCalc] 2025-04-15  VWAP=1244.41  SD=1.0079
18:42:09 DEBUG    [VWAPCalc] 2025-04-15  VWAP=1244.30  SD=1.0903
18:42:09 DEBUG    [VWAPCalc] 2025-04-15  VWAP=1244.24  SD=1.1166
18:42:09 DEBUG    [VWAPCalc] 2025-04-15  VWAP=1244.17  SD=1.1388
18:42:09 DEBUG    [VWAPCalc] 2025-04-15  VWAP=1244.11  SD=1.1775
18:42:09 DEBUG    [VWAPCalc] 2025-04-15  VWAP=1243.93  SD=1.3652
18:42:09 DEBUG    [VWAPCalc] 2025-04-15  VWAP=1243.84  SD=1.4116
18:42:09 DEBUG    [VWAPCalc] 2025-04-15  VWAP=1243.78  SD=1.4215
18:42:09 DEBUG    [VWAPCalc] 2025-04-15  VWAP=1243.75  SD=1.4204
18:42:09 DEBUG    [VWAPCalc] 2025-04-15  VWAP=1243.70  SD=1.4313
18:42:09 DEBUG    [VWAPCalc] 2025-04-15  VWAP=1243.55  SD=1.5746
18:42:09 DEBUG    [VWAPCalc] 2025-04-15  VWAP=1243.45  SD=1.6563
18:42:09 DEBUG    [VWAPCalc] 2025-04-15  VWAP=1243.35  SD=1.7423
18:42:09 DEBUG    [VWAPCalc] 2025-04-15  VWAP=1243.22  SD=1.8743
18:42:09 DEBUG    [VWAPCalc] 2025-04-15  VWAP=1243.13  SD=1.9259
18:42:09 DEBUG    [VWAPCalc] 2025-04-15  VWAP=1243.02  SD=1.9925
18:42:09 DEBUG    [VWAPCalc] 2025-04-15  VWAP=1242.90  SD=2.0704
18:42:09 DEBUG    [VWAPCalc] 2025-04-15  VWAP=1242.84  SD=2.1101
18:42:09 DEBUG    [VWAPCalc] 2025-04-15  VWAP=1242.76  SD=2.1658
18:42:09 DEBUG    [VWAPCalc] 2025-04-15  VWAP=1242.69  SD=2.2180
18:42:09 DEBUG    [VWAPCalc] 2025-04-15  VWAP=1242.61  SD=2.2566
18:42:09 DEBUG    [VWAPCalc] 2025-04-15  VWAP=1242.56  SD=2.2703
18:42:09 DEBUG    [VWAPCalc] 2025-04-15  VWAP=1242.52  SD=2.2763
18:42:09 DEBUG    [VWAPCalc] 2025-04-15  VWAP=1242.47  SD=2.3005
18:42:09 DEBUG    [VWAPCalc] 2025-04-15  VWAP=1242.22  SD=2.4478
18:42:09 DEBUG    [VWAPCalc] 2025-04-15  VWAP=1242.14  SD=2.4826
18:42:09 DEBUG    [VWAPCalc] 2025-04-15  VWAP=1242.08  SD=2.5096
18:42:09 DEBUG    [VWAPCalc] 2025-04-15  VWAP=1242.04  SD=2.5279
18:42:09 DEBUG    [VWAPCalc] 2025-04-15  VWAP=1242.00  SD=2.5182
18:42:09 DEBUG    [VWAPCalc] 2025-04-15  VWAP=1241.96  SD=2.5124
18:42:09 DEBUG    [VWAPCalc] 2025-04-15  VWAP=1241.94  SD=2.5094
18:42:09 DEBUG    [VWAPCalc] 2025-04-15  VWAP=1241.92  SD=2.5032
18:42:09 DEBUG    [VWAPCalc] 2025-04-15  VWAP=1241.90  SD=2.4950
18:42:09 DEBUG    [VWAPCalc] 2025-04-15  VWAP=1241.89  SD=2.4829
18:42:09 DEBUG    [VWAPCalc] 2025-04-15  VWAP=1241.87  SD=2.4760
18:42:09 DEBUG    [VWAPCalc] 2025-04-15  VWAP=1241.84  SD=2.4776
18:42:09 DEBUG    [VWAPCalc] 2025-04-15  VWAP=1241.81  SD=2.4759
18:42:09 DEBUG    [VWAPCalc] 2025-04-15  VWAP=1241.79  SD=2.4740
18:42:09 DEBUG    [VWAPCalc] 2025-04-15  VWAP=1241.78  SD=2.4727
18:42:09 DEBUG    [VWAPCalc] 2025-04-15  VWAP=1241.75  SD=2.4740
18:42:09 DEBUG    [VWAPCalc] 2025-04-15  VWAP=1241.72  SD=2.4802
18:42:09 DEBUG    [VWAPCalc] 2025-04-15  VWAP=1241.71  SD=2.4821
18:42:09 DEBUG    [VWAPCalc] 2025-04-15  VWAP=1241.67  SD=2.4846
18:42:09 DEBUG    [VWAPCalc] 2025-04-15  VWAP=1241.65  SD=2.4803
18:42:09 DEBUG    [VWAPCalc] 2025-04-15  VWAP=1241.63  SD=2.4541
18:42:09 DEBUG    [VWAPCalc] 2025-04-15  VWAP=1241.62  SD=2.4401
18:42:09 DEBUG    [VWAPCalc] 2025-04-15  VWAP=1241.63  SD=2.4208
18:42:09 DEBUG    [VWAPCalc] 2025-04-15  VWAP=1241.65  SD=2.4049
18:42:09 DEBUG    [VWAPCalc] 2025-04-15  VWAP=1241.67  SD=2.3596
18:42:09 DEBUG    [VWAPCalc] 2025-04-15  VWAP=1241.69  SD=2.3429
18:42:09 DEBUG    [VWAPCalc] 2025-04-15  VWAP=1241.71  SD=2.3228
18:42:09 DEBUG    [VWAPCalc] 2025-04-15  VWAP=1241.74  SD=2.3157
18:42:09 DEBUG    [VWAPCalc] 2025-04-15  VWAP=1241.77  SD=2.2986
18:42:09 DEBUG    [VWAPCalc] 2025-04-15  VWAP=1241.78  SD=2.2849
18:42:09 DEBUG    [VWAPCalc] 2025-04-15  VWAP=1241.79  SD=2.2758
18:42:09 DEBUG    [VWAPCalc] 2025-04-15  VWAP=1241.81  SD=2.2617
18:42:09 DEBUG    [VWAPCalc] 2025-04-15  VWAP=1241.82  SD=2.2502
18:42:09 DEBUG    [VWAPCalc] 2025-04-15  VWAP=1241.84  SD=2.2388
18:42:09 DEBUG    [VWAPCalc] 2025-04-15  VWAP=1241.86  SD=2.2104
18:42:09 DEBUG    [VWAPCalc] 2025-04-15  VWAP=1241.86  SD=2.1966
18:42:09 DEBUG    [VWAPCalc] 2025-04-15  VWAP=1241.87  SD=2.1855
18:42:09 DEBUG    [VWAPCalc] 2025-04-15  VWAP=1241.89  SD=2.1781
18:42:09 DEBUG    [VWAPCalc] 2025-04-15  VWAP=1241.89  SD=2.1506
18:42:09 DEBUG    [VWAPCalc] 2025-04-15  VWAP=1241.87  SD=2.1317
18:42:09 DEBUG    [VWAPCalc] 2025-04-15  VWAP=1241.86  SD=2.0926
18:42:09 DEBUG    [VWAPCalc] 2025-04-15  VWAP=1241.86  SD=2.0856
18:42:09 DEBUG    [VWAPCalc] 2025-04-15  VWAP=1241.86  SD=2.0751
18:42:09 DEBUG    [VWAPCalc] 2025-04-15  VWAP=1241.86  SD=2.0544
18:42:09 DEBUG    [VWAPCalc] 2025-04-15  VWAP=1241.86  SD=2.0485
18:42:09 DEBUG    [VWAPCalc] 2025-04-15  VWAP=1241.87  SD=2.0419
18:42:09 DEBUG    [VWAPCalc] 2025-04-15  VWAP=1241.87  SD=2.0306
18:42:09 DEBUG    [VWAPCalc] 2025-04-15  VWAP=1241.89  SD=2.0226
18:42:09 DEBUG    [VWAPCalc] 2025-04-15  VWAP=1241.90  SD=2.0113
18:42:09 DEBUG    [VWAPCalc] 2025-04-15  VWAP=1241.91  SD=1.9956
18:42:09 DEBUG    [VWAPCalc] 2025-04-15  VWAP=1241.91  SD=1.9871
18:42:09 DEBUG    [VWAPCalc] 2025-04-15  VWAP=1241.92  SD=1.9750
18:42:09 DEBUG    [VWAPCalc] 2025-04-15  VWAP=1241.93  SD=1.9606
18:42:09 DEBUG    [VWAPCalc] 2025-04-15  VWAP=1241.94  SD=1.9506
18:42:09 DEBUG    [VWAPCalc] 2025-04-15  VWAP=1241.95  SD=1.9383
18:42:09 DEBUG    [VWAPCalc] 2025-04-15  VWAP=1241.95  SD=1.9223
18:42:09 DEBUG    [VWAPCalc] 2025-04-15  VWAP=1241.95  SD=1.9134
18:42:09 DEBUG    [VWAPCalc] 2025-04-15  VWAP=1241.96  SD=1.9043
18:42:09 DEBUG    [VWAPCalc] 2025-04-15  VWAP=1241.97  SD=1.8971
18:42:09 DEBUG    [VWAPCalc] 2025-04-15  VWAP=1241.98  SD=1.8854
18:42:09 DEBUG    [VWAPCalc] 2025-04-15  VWAP=1242.01  SD=1.8762
18:42:09 DEBUG    [VWAPCalc] 2025-04-15  VWAP=1242.02  SD=1.8585
18:42:09 DEBUG    [VWAPCalc] 2025-04-15  VWAP=1242.03  SD=1.8466
18:42:09 DEBUG    [VWAPCalc] 2025-04-15  VWAP=1242.04  SD=1.8373
18:42:09 DEBUG    [VWAPCalc] 2025-04-15  VWAP=1242.05  SD=1.8154
18:42:09 DEBUG    [VWAPCalc] 2025-04-15  VWAP=1242.05  SD=1.8061
18:42:09 DEBUG    [VWAPCalc] 2025-04-15  VWAP=1242.04  SD=1.7976
18:42:09 DEBUG    [VWAPCalc] 2025-04-15  VWAP=1242.02  SD=1.7839
18:42:09 DEBUG    [VWAPCalc] 2025-04-15  VWAP=1242.01  SD=1.7790
18:42:09 DEBUG    [VWAPCalc] 2025-04-15  VWAP=1241.97  SD=1.7930
18:42:09 DEBUG    [VWAPCalc] 2025-04-15  VWAP=1241.94  SD=1.8034
18:42:09 DEBUG    [VWAPCalc] 2025-04-15  VWAP=1241.92  SD=1.8066
18:42:09 DEBUG    [VWAPCalc] 2025-04-15  VWAP=1241.91  SD=1.8082
18:42:09 DEBUG    [VWAPCalc] 2025-04-15  VWAP=1241.89  SD=1.8060
18:42:09 DEBUG    [VWAPCalc] 2025-04-15  VWAP=1241.86  SD=1.8065
18:42:09 DEBUG    [VWAPCalc] 2025-04-15  VWAP=1241.82  SD=1.8141
18:42:09 DEBUG    [VWAPCalc] 2025-04-15  VWAP=1241.74  SD=1.8044
18:42:09 DEBUG    [VWAPCalc] 2025-04-15  VWAP=1241.67  SD=1.8007
18:42:09 DEBUG    [VWAPCalc] 2025-04-15  VWAP=1241.61  SD=1.7758
18:42:09 DEBUG    [VWAPCalc] 2025-04-15  VWAP=1241.54  SD=1.7581
18:42:09 DEBUG    [VWAPCalc] 2025-04-15  VWAP=1241.46  SD=1.7654
18:42:09 DEBUG    [VWAPCalc] 2025-04-15  VWAP=1241.36  SD=1.7801
18:42:09 DEBUG    [VWAPCalc] 2025-04-15  VWAP=1241.31  SD=1.7693
18:42:09 DEBUG    [VWAPCalc] 2025-04-15  VWAP=1241.28  SD=1.7308
18:42:09 DEBUG    [VWAPCalc] 2025-04-15  VWAP=1241.27  SD=1.6938
18:42:09 DEBUG    [VWAPCalc] 2025-04-15  VWAP=1241.24  SD=1.6868
18:42:09 DEBUG    [VWAPCalc] 2025-04-15  VWAP=1241.06  SD=2.0009
18:42:09 DEBUG    [VWAPCalc] 2025-04-15  VWAP=1241.00  SD=2.1018
18:42:09 DEBUG    [VWAPCalc] 2025-04-15  VWAP=1240.93  SD=2.1928
18:42:09 DEBUG    [VWAPCalc] 2025-04-15  VWAP=1240.83  SD=2.3344
18:42:09 DEBUG    [VWAPCalc] 2025-04-15  VWAP=1240.77  SD=2.4196
18:42:09 DEBUG    [VWAPCalc] 2025-04-16  VWAP=1233.57  SD=0.0000
18:42:09 DEBUG    [VWAPCalc] 2025-04-16  VWAP=1232.72  SD=1.0023
18:42:09 DEBUG    [VWAPCalc] 2025-04-16  VWAP=1232.56  SD=0.9638
18:42:09 DEBUG    [VWAPCalc] 2025-04-16  VWAP=1232.48  SD=0.9072
18:42:09 DEBUG    [VWAPCalc] 2025-04-16  VWAP=1232.45  SD=0.8584
18:42:09 DEBUG    [VWAPCalc] 2025-04-16  VWAP=1232.44  SD=0.8154
18:42:09 DEBUG    [VWAPCalc] 2025-04-16  VWAP=1232.37  SD=0.8117
18:42:09 DEBUG    [VWAPCalc] 2025-04-16  VWAP=1232.35  SD=0.7922
18:42:09 DEBUG    [VWAPCalc] 2025-04-16  VWAP=1232.34  SD=0.7660
18:42:09 DEBUG    [VWAPCalc] 2025-04-16  VWAP=1232.33  SD=0.7380
18:42:09 DEBUG    [VWAPCalc] 2025-04-16  VWAP=1232.31  SD=0.7128
18:42:09 DEBUG    [VWAPCalc] 2025-04-16  VWAP=1232.32  SD=0.6991
18:42:09 DEBUG    [VWAPCalc] 2025-04-16  VWAP=1232.32  SD=0.6445
18:42:09 DEBUG    [VWAPCalc] 2025-04-16  VWAP=1232.42  SD=0.7220
18:42:09 DEBUG    [VWAPCalc] 2025-04-16  VWAP=1232.52  SD=0.8240
18:42:09 DEBUG    [VWAPCalc] 2025-04-16  VWAP=1232.58  SD=0.8321
18:42:09 DEBUG    [VWAPCalc] 2025-04-16  VWAP=1232.62  SD=0.8148
18:42:09 DEBUG    [VWAPCalc] 2025-04-16  VWAP=1232.68  SD=0.7870
18:42:09 DEBUG    [VWAPCalc] 2025-04-16  VWAP=1232.69  SD=0.7762
18:42:09 DEBUG    [VWAPCalc] 2025-04-16  VWAP=1232.73  SD=0.7838
18:42:09 DEBUG    [VWAPCalc] 2025-04-16  VWAP=1232.84  SD=0.8694
18:42:09 DEBUG    [VWAPCalc] 2025-04-16  VWAP=1232.92  SD=0.9013
18:42:09 DEBUG    [VWAPCalc] 2025-04-16  VWAP=1232.94  SD=0.8763
18:42:09 DEBUG    [VWAPCalc] 2025-04-16  VWAP=1232.89  SD=0.8765
18:42:09 DEBUG    [VWAPCalc] 2025-04-16  VWAP=1232.87  SD=0.8792
18:42:09 DEBUG    [VWAPCalc] 2025-04-16  VWAP=1232.76  SD=0.9195
18:42:09 DEBUG    [VWAPCalc] 2025-04-16  VWAP=1232.69  SD=0.9771
18:42:09 DEBUG    [VWAPCalc] 2025-04-16  VWAP=1232.49  SD=1.2096
18:42:09 DEBUG    [VWAPCalc] 2025-04-16  VWAP=1232.40  SD=1.2371
18:42:09 DEBUG    [VWAPCalc] 2025-04-16  VWAP=1232.36  SD=1.2448
18:42:09 DEBUG    [VWAPCalc] 2025-04-16  VWAP=1232.30  SD=1.2717
18:42:09 DEBUG    [VWAPCalc] 2025-04-16  VWAP=1232.26  SD=1.2900
18:42:09 DEBUG    [VWAPCalc] 2025-04-16  VWAP=1232.25  SD=1.2852
18:42:09 DEBUG    [VWAPCalc] 2025-04-16  VWAP=1232.26  SD=1.2686
18:42:09 DEBUG    [VWAPCalc] 2025-04-16  VWAP=1232.28  SD=1.2619
18:42:09 DEBUG    [VWAPCalc] 2025-04-16  VWAP=1232.34  SD=1.2773
18:42:09 DEBUG    [VWAPCalc] 2025-04-16  VWAP=1232.37  SD=1.2905
18:42:09 DEBUG    [VWAPCalc] 2025-04-16  VWAP=1232.40  SD=1.2980
18:42:09 DEBUG    [VWAPCalc] 2025-04-16  VWAP=1232.41  SD=1.3042
18:42:09 DEBUG    [VWAPCalc] 2025-04-16  VWAP=1232.44  SD=1.3147
18:42:09 DEBUG    [VWAPCalc] 2025-04-16  VWAP=1232.46  SD=1.3210
18:42:09 DEBUG    [VWAPCalc] 2025-04-16  VWAP=1232.47  SD=1.3202
18:42:09 DEBUG    [VWAPCalc] 2025-04-16  VWAP=1232.47  SD=1.3156
18:42:09 DEBUG    [VWAPCalc] 2025-04-16  VWAP=1232.47  SD=1.3093
18:42:09 DEBUG    [VWAPCalc] 2025-04-16  VWAP=1232.48  SD=1.3073
18:42:09 DEBUG    [VWAPCalc] 2025-04-16  VWAP=1232.50  SD=1.3136
18:42:09 DEBUG    [VWAPCalc] 2025-04-16  VWAP=1232.51  SD=1.3167
18:42:09 DEBUG    [VWAPCalc] 2025-04-16  VWAP=1232.52  SD=1.3181
18:42:09 DEBUG    [VWAPCalc] 2025-04-16  VWAP=1232.55  SD=1.3288
18:42:09 DEBUG    [VWAPCalc] 2025-04-16  VWAP=1232.57  SD=1.3289
18:42:09 DEBUG    [VWAPCalc] 2025-04-16  VWAP=1232.58  SD=1.3278
18:42:09 DEBUG    [VWAPCalc] 2025-04-16  VWAP=1232.61  SD=1.3474
18:42:09 DEBUG    [VWAPCalc] 2025-04-16  VWAP=1232.66  SD=1.3830
18:42:09 DEBUG    [VWAPCalc] 2025-04-16  VWAP=1232.72  SD=1.4354
18:42:09 DEBUG    [VWAPCalc] 2025-04-16  VWAP=1232.74  SD=1.4515
18:42:09 DEBUG    [VWAPCalc] 2025-04-16  VWAP=1232.77  SD=1.4752
18:42:09 DEBUG    [VWAPCalc] 2025-04-16  VWAP=1232.88  SD=1.5514
18:42:09 DEBUG    [VWAPCalc] 2025-04-16  VWAP=1232.91  SD=1.5755
18:42:09 DEBUG    [VWAPCalc] 2025-04-16  VWAP=1232.99  SD=1.6471
18:42:09 DEBUG    [VWAPCalc] 2025-04-16  VWAP=1233.04  SD=1.6868
18:42:09 DEBUG    [VWAPCalc] 2025-04-16  VWAP=1233.06  SD=1.6932
18:42:09 DEBUG    [VWAPCalc] 2025-04-16  VWAP=1233.08  SD=1.6983
18:42:09 DEBUG    [VWAPCalc] 2025-04-16  VWAP=1233.10  SD=1.7088
18:42:09 DEBUG    [VWAPCalc] 2025-04-16  VWAP=1233.15  SD=1.7333
18:42:09 DEBUG    [VWAPCalc] 2025-04-16  VWAP=1233.17  SD=1.7496
18:42:09 DEBUG    [VWAPCalc] 2025-04-16  VWAP=1233.19  SD=1.7660
18:42:09 DEBUG    [VWAPCalc] 2025-04-16  VWAP=1233.21  SD=1.7744
18:42:09 DEBUG    [VWAPCalc] 2025-04-16  VWAP=1233.25  SD=1.7873
18:42:09 DEBUG    [VWAPCalc] 2025-04-16  VWAP=1233.33  SD=1.8094
18:42:09 DEBUG    [VWAPCalc] 2025-04-16  VWAP=1233.35  SD=1.8130
18:42:09 DEBUG    [VWAPCalc] 2025-04-16  VWAP=1233.37  SD=1.8157
18:42:09 DEBUG    [VWAPCalc] 2025-04-16  VWAP=1233.38  SD=1.8194
18:42:09 DEBUG    [VWAPCalc] 2025-04-16  VWAP=1233.41  SD=1.8215
18:42:09 DEBUG    [VWAPCalc] 2025-04-16  VWAP=1233.43  SD=1.8214
18:42:09 DEBUG    [VWAPCalc] 2025-04-16  VWAP=1233.50  SD=1.8565
18:42:09 DEBUG    [VWAPCalc] 2025-04-16  VWAP=1233.52  SD=1.8584
18:42:09 DEBUG    [VWAPCalc] 2025-04-16  VWAP=1233.53  SD=1.8485
18:42:09 DEBUG    [VWAPCalc] 2025-04-16  VWAP=1233.54  SD=1.8331
18:42:09 DEBUG    [VWAPCalc] 2025-04-16  VWAP=1233.53  SD=1.8244
18:42:09 DEBUG    [VWAPCalc] 2025-04-16  VWAP=1233.52  SD=1.8183
18:42:09 DEBUG    [VWAPCalc] 2025-04-16  VWAP=1233.50  SD=1.8209
18:42:09 DEBUG    [VWAPCalc] 2025-04-16  VWAP=1233.48  SD=1.8283
18:42:09 DEBUG    [VWAPCalc] 2025-04-16  VWAP=1233.46  SD=1.8297
18:42:09 DEBUG    [VWAPCalc] 2025-04-16  VWAP=1233.44  SD=1.8312
18:42:09 DEBUG    [VWAPCalc] 2025-04-16  VWAP=1233.43  SD=1.8349
18:42:09 DEBUG    [VWAPCalc] 2025-04-16  VWAP=1233.41  SD=1.8389
18:42:09 DEBUG    [VWAPCalc] 2025-04-16  VWAP=1233.38  SD=1.8462
18:42:09 DEBUG    [VWAPCalc] 2025-04-16  VWAP=1233.35  SD=1.8460
18:42:09 DEBUG    [VWAPCalc] 2025-04-16  VWAP=1233.35  SD=1.8382
18:42:09 DEBUG    [VWAPCalc] 2025-04-16  VWAP=1233.40  SD=1.8462
18:42:09 DEBUG    [VWAPCalc] 2025-04-16  VWAP=1233.48  SD=1.9128
18:42:09 DEBUG    [VWAPCalc] 2025-04-16  VWAP=1233.51  SD=1.9307
18:42:09 DEBUG    [VWAPCalc] 2025-04-16  VWAP=1233.55  SD=1.9543
18:42:09 DEBUG    [VWAPCalc] 2025-04-16  VWAP=1233.58  SD=1.9702
18:42:09 DEBUG    [VWAPCalc] 2025-04-16  VWAP=1233.61  SD=1.9980
18:42:09 DEBUG    [VWAPCalc] 2025-04-16  VWAP=1233.63  SD=2.0126
18:42:09 DEBUG    [VWAPCalc] 2025-04-16  VWAP=1233.65  SD=2.0247
18:42:09 DEBUG    [VWAPCalc] 2025-04-16  VWAP=1233.70  SD=2.0606
18:42:09 DEBUG    [VWAPCalc] 2025-04-16  VWAP=1233.78  SD=2.1394
18:42:09 DEBUG    [VWAPCalc] 2025-04-16  VWAP=1233.87  SD=2.2391
18:42:09 DEBUG    [VWAPCalc] 2025-04-16  VWAP=1233.89  SD=2.2627
18:42:09 DEBUG    [VWAPCalc] 2025-04-16  VWAP=1233.93  SD=2.2840
18:42:09 DEBUG    [VWAPCalc] 2025-04-16  VWAP=1233.96  SD=2.2987
18:42:09 DEBUG    [VWAPCalc] 2025-04-16  VWAP=1233.97  SD=2.3069
18:42:09 DEBUG    [VWAPCalc] 2025-04-16  VWAP=1234.00  SD=2.3240
18:42:09 DEBUG    [VWAPCalc] 2025-04-16  VWAP=1234.03  SD=2.3347
18:42:09 DEBUG    [VWAPCalc] 2025-04-16  VWAP=1234.07  SD=2.3504
18:42:09 DEBUG    [VWAPCalc] 2025-04-16  VWAP=1234.12  SD=2.3852
18:42:09 DEBUG    [VWAPCalc] 2025-04-16  VWAP=1234.16  SD=2.4123
18:42:09 DEBUG    [VWAPCalc] 2025-04-16  VWAP=1234.27  SD=2.5111
18:42:09 DEBUG    [VWAPCalc] 2025-04-16  VWAP=1234.52  SD=2.7447
18:42:09 DEBUG    [VWAPCalc] 2025-04-16  VWAP=1234.71  SD=2.9038
18:42:09 DEBUG    [VWAPCalc] 2025-04-16  VWAP=1234.95  SD=3.0683
18:42:09 DEBUG    [VWAPCalc] 2025-04-16  VWAP=1235.21  SD=3.1741
18:42:09 DEBUG    [VWAPCalc] 2025-04-16  VWAP=1235.36  SD=3.1557
18:42:09 DEBUG    [VWAPCalc] 2025-04-16  VWAP=1235.42  SD=3.1385
18:42:09 DEBUG    [VWAPCalc] 2025-04-16  VWAP=1235.51  SD=3.1375
18:42:09 DEBUG    [VWAPCalc] 2025-04-16  VWAP=1235.60  SD=3.1483
18:42:09 DEBUG    [VWAPCalc] 2025-04-16  VWAP=1235.67  SD=3.1433
18:42:09 DEBUG    [VWAPCalc] 2025-04-16  VWAP=1235.71  SD=3.1247
18:42:09 DEBUG    [VWAPCalc] 2025-04-16  VWAP=1235.71  SD=3.0335
18:42:09 DEBUG    [VWAPCalc] 2025-04-16  VWAP=1235.66  SD=3.0230
18:42:09 DEBUG    [VWAPCalc] 2025-04-16  VWAP=1235.51  SD=3.1212
18:42:09 DEBUG    [VWAPCalc] 2025-04-16  VWAP=1235.44  SD=3.1694
18:42:09 DEBUG    [VWAPCalc] 2025-04-16  VWAP=1235.33  SD=3.2580
18:42:09 DEBUG    [VWAPCalc] 2025-04-17  VWAP=1229.40  SD=0.0000
18:42:09 DEBUG    [VWAPCalc] 2025-04-17  VWAP=1229.51  SD=0.1166
18:42:09 DEBUG    [VWAPCalc] 2025-04-17  VWAP=1229.78  SD=0.4498
18:42:09 DEBUG    [VWAPCalc] 2025-04-17  VWAP=1230.01  SD=0.6375
18:42:09 DEBUG    [VWAPCalc] 2025-04-17  VWAP=1230.29  SD=0.9113
18:42:09 DEBUG    [VWAPCalc] 2025-04-17  VWAP=1230.63  SD=1.1441
18:42:09 DEBUG    [VWAPCalc] 2025-04-17  VWAP=1230.78  SD=1.1956
18:42:09 DEBUG    [VWAPCalc] 2025-04-17  VWAP=1230.89  SD=1.2423
18:42:09 DEBUG    [VWAPCalc] 2025-04-17  VWAP=1230.94  SD=1.2169
18:42:09 DEBUG    [VWAPCalc] 2025-04-17  VWAP=1230.95  SD=1.1874
18:42:09 DEBUG    [VWAPCalc] 2025-04-17  VWAP=1230.95  SD=1.1672
18:42:09 DEBUG    [VWAPCalc] 2025-04-17  VWAP=1230.96  SD=1.1373
18:42:09 DEBUG    [VWAPCalc] 2025-04-17  VWAP=1230.93  SD=1.1066
18:42:09 DEBUG    [VWAPCalc] 2025-04-17  VWAP=1230.65  SD=1.2455
18:42:09 DEBUG    [VWAPCalc] 2025-04-17  VWAP=1230.58  SD=1.2355
18:42:09 DEBUG    [VWAPCalc] 2025-04-17  VWAP=1230.56  SD=1.2078
18:42:09 DEBUG    [VWAPCalc] 2025-04-17  VWAP=1230.52  SD=1.1791
18:42:09 DEBUG    [VWAPCalc] 2025-04-17  VWAP=1230.51  SD=1.1450
18:42:09 DEBUG    [VWAPCalc] 2025-04-17  VWAP=1230.55  SD=1.1380
18:42:09 DEBUG    [VWAPCalc] 2025-04-17  VWAP=1230.60  SD=1.1503
18:42:09 DEBUG    [VWAPCalc] 2025-04-17  VWAP=1230.76  SD=1.2745
18:42:09 DEBUG    [VWAPCalc] 2025-04-17  VWAP=1230.85  SD=1.3406
18:42:09 DEBUG    [VWAPCalc] 2025-04-17  VWAP=1230.90  SD=1.3630
18:42:09 DEBUG    [VWAPCalc] 2025-04-17  VWAP=1231.00  SD=1.4383
18:42:09 DEBUG    [VWAPCalc] 2025-04-17  VWAP=1231.19  SD=1.6225
18:42:09 DEBUG    [VWAPCalc] 2025-04-17  VWAP=1231.34  SD=1.7741
18:42:09 DEBUG    [VWAPCalc] 2025-04-17  VWAP=1231.74  SD=2.2221
18:42:09 DEBUG    [VWAPCalc] 2025-04-17  VWAP=1232.09  SD=2.5702
18:42:09 DEBUG    [VWAPCalc] 2025-04-17  VWAP=1232.50  SD=2.9128
18:42:09 DEBUG    [VWAPCalc] 2025-04-17  VWAP=1232.70  SD=3.0127
18:42:09 DEBUG    [VWAPCalc] 2025-04-17  VWAP=1233.22  SD=3.2487
18:42:09 DEBUG    [VWAPCalc] 2025-04-17  VWAP=1233.49  SD=3.3299
18:42:09 DEBUG    [VWAPCalc] 2025-04-17  VWAP=1233.65  SD=3.4202
18:42:09 DEBUG    [VWAPCalc] 2025-04-17  VWAP=1234.07  SD=3.7240
18:42:09 DEBUG    [VWAPCalc] 2025-04-17  VWAP=1234.36  SD=3.9277
18:42:09 DEBUG    [VWAPCalc] 2025-04-17  VWAP=1234.92  SD=4.4972
18:42:09 DEBUG    [VWAPCalc] 2025-04-17  VWAP=1235.23  SD=4.7949
18:42:09 DEBUG    [VWAPCalc] 2025-04-17  VWAP=1235.33  SD=4.8692
18:42:09 DEBUG    [VWAPCalc] 2025-04-17  VWAP=1235.47  SD=4.9645
18:42:09 DEBUG    [VWAPCalc] 2025-04-17  VWAP=1235.91  SD=5.3153
18:42:09 DEBUG    [VWAPCalc] 2025-04-17  VWAP=1236.35  SD=5.6584
18:42:09 DEBUG    [VWAPCalc] 2025-04-17  VWAP=1236.81  SD=6.0154
18:42:09 DEBUG    [VWAPCalc] 2025-04-17  VWAP=1237.54  SD=6.5471
18:42:09 DEBUG    [VWAPCalc] 2025-04-17  VWAP=1237.78  SD=6.7044
18:42:09 DEBUG    [VWAPCalc] 2025-04-17  VWAP=1238.64  SD=7.3047
18:42:09 DEBUG    [VWAPCalc] 2025-04-17  VWAP=1239.28  SD=7.7298
18:42:09 DEBUG    [VWAPCalc] 2025-04-17  VWAP=1239.80  SD=8.0673
18:42:09 DEBUG    [VWAPCalc] 2025-04-17  VWAP=1240.72  SD=8.6840
18:42:09 DEBUG    [VWAPCalc] 2025-04-17  VWAP=1241.24  SD=8.9386
18:42:09 DEBUG    [VWAPCalc] 2025-04-17  VWAP=1241.87  SD=9.2356
18:42:09 DEBUG    [VWAPCalc] 2025-04-17  VWAP=1242.26  SD=9.4065
18:42:09 DEBUG    [VWAPCalc] 2025-04-17  VWAP=1242.52  SD=9.5224
18:42:09 DEBUG    [VWAPCalc] 2025-04-17  VWAP=1242.92  SD=9.7189
18:42:09 DEBUG    [VWAPCalc] 2025-04-17  VWAP=1243.41  SD=9.9639
18:42:09 DEBUG    [VWAPCalc] 2025-04-17  VWAP=1243.72  SD=10.0973
18:42:09 DEBUG    [VWAPCalc] 2025-04-17  VWAP=1244.14  SD=10.2967
18:42:09 DEBUG    [VWAPCalc] 2025-04-17  VWAP=1244.42  SD=10.4230
18:42:09 DEBUG    [VWAPCalc] 2025-04-17  VWAP=1244.80  SD=10.5882
18:42:09 DEBUG    [VWAPCalc] 2025-04-17  VWAP=1245.00  SD=10.6718
18:42:09 DEBUG    [VWAPCalc] 2025-04-17  VWAP=1245.47  SD=10.8853
18:42:09 DEBUG    [VWAPCalc] 2025-04-17  VWAP=1245.88  SD=11.0827
18:42:09 DEBUG    [VWAPCalc] 2025-04-17  VWAP=1246.46  SD=11.3682
18:42:09 DEBUG    [VWAPCalc] 2025-04-17  VWAP=1246.71  SD=11.4555
18:42:09 DEBUG    [VWAPCalc] 2025-04-17  VWAP=1246.96  SD=11.5361
18:42:09 DEBUG    [VWAPCalc] 2025-04-17  VWAP=1247.16  SD=11.6035
18:42:09 DEBUG    [VWAPCalc] 2025-04-17  VWAP=1247.34  SD=11.6632
18:42:09 DEBUG    [VWAPCalc] 2025-04-17  VWAP=1247.53  SD=11.7296
18:42:09 DEBUG    [VWAPCalc] 2025-04-17  VWAP=1247.71  SD=11.7903
18:42:09 DEBUG    [VWAPCalc] 2025-04-17  VWAP=1247.81  SD=11.8183
18:42:09 DEBUG    [VWAPCalc] 2025-04-17  VWAP=1248.09  SD=11.8965
18:42:09 DEBUG    [VWAPCalc] 2025-04-17  VWAP=1248.20  SD=11.9241
18:42:09 DEBUG    [VWAPCalc] 2025-04-17  VWAP=1248.34  SD=11.9571
18:42:09 DEBUG    [VWAPCalc] 2025-04-17  VWAP=1248.50  SD=12.0040
18:42:09 DEBUG    [VWAPCalc] 2025-04-17  VWAP=1248.90  SD=12.1401
18:42:09 DEBUG    [VWAPCalc] 2025-04-17  VWAP=1249.27  SD=12.2813
18:42:09 DEBUG    [VWAPCalc] 2025-04-17  VWAP=1249.54  SD=12.3770
18:42:09 DEBUG    [VWAPCalc] 2025-04-17  VWAP=1249.73  SD=12.4396
18:42:09 DEBUG    [VWAPCalc] 2025-04-17  VWAP=1249.98  SD=12.5108
18:42:09 DEBUG    [VWAPCalc] 2025-04-17  VWAP=1250.09  SD=12.5434
18:42:09 DEBUG    [VWAPCalc] 2025-04-17  VWAP=1250.26  SD=12.5927
18:42:09 DEBUG    [VWAPCalc] 2025-04-17  VWAP=1250.79  SD=12.7558
18:42:09 DEBUG    [VWAPCalc] 2025-04-17  VWAP=1250.96  SD=12.8020
18:42:09 DEBUG    [VWAPCalc] 2025-04-17  VWAP=1251.20  SD=12.8721
18:42:09 DEBUG    [VWAPCalc] 2025-04-17  VWAP=1251.85  SD=13.0718
18:42:09 DEBUG    [VWAPCalc] 2025-04-17  VWAP=1252.09  SD=13.1466
18:42:09 DEBUG    [VWAPCalc] 2025-04-17  VWAP=1252.45  SD=13.2615
18:42:09 DEBUG    [VWAPCalc] 2025-04-17  VWAP=1254.07  SD=13.9939
18:42:09 DEBUG    [VWAPCalc] 2025-04-17  VWAP=1254.55  SD=14.1412
18:42:09 DEBUG    [VWAPCalc] 2025-04-17  VWAP=1254.75  SD=14.1920
18:42:09 DEBUG    [VWAPCalc] 2025-04-17  VWAP=1255.00  SD=14.2618
18:42:09 DEBUG    [VWAPCalc] 2025-04-17  VWAP=1255.31  SD=14.3667
18:42:09 DEBUG    [VWAPCalc] 2025-04-17  VWAP=1255.48  SD=14.4169
18:42:09 DEBUG    [VWAPCalc] 2025-04-17  VWAP=1255.74  SD=14.4998
18:42:09 DEBUG    [VWAPCalc] 2025-04-17  VWAP=1256.12  SD=14.6385
18:42:09 DEBUG    [VWAPCalc] 2025-04-17  VWAP=1256.49  SD=14.7442
18:42:09 DEBUG    [VWAPCalc] 2025-04-17  VWAP=1257.16  SD=14.8965
18:42:09 DEBUG    [VWAPCalc] 2025-04-17  VWAP=1257.39  SD=14.9359
18:42:09 DEBUG    [VWAPCalc] 2025-04-17  VWAP=1257.58  SD=14.9557
18:42:09 DEBUG    [VWAPCalc] 2025-04-17  VWAP=1257.80  SD=14.9914
18:42:09 DEBUG    [VWAPCalc] 2025-04-17  VWAP=1257.95  SD=15.0161
18:42:09 DEBUG    [VWAPCalc] 2025-04-17  VWAP=1258.06  SD=15.0349
18:42:09 DEBUG    [VWAPCalc] 2025-04-17  VWAP=1258.92  SD=15.2495
18:42:09 DEBUG    [VWAPCalc] 2025-04-17  VWAP=1259.20  SD=15.2908
18:42:09 DEBUG    [VWAPCalc] 2025-04-17  VWAP=1259.40  SD=15.3244
18:42:09 DEBUG    [VWAPCalc] 2025-04-17  VWAP=1259.54  SD=15.3462
18:42:09 DEBUG    [VWAPCalc] 2025-04-17  VWAP=1259.72  SD=15.3649
18:42:09 DEBUG    [VWAPCalc] 2025-04-17  VWAP=1259.85  SD=15.3806
18:42:09 DEBUG    [VWAPCalc] 2025-04-17  VWAP=1260.03  SD=15.3960
18:42:09 DEBUG    [VWAPCalc] 2025-04-17  VWAP=1260.19  SD=15.4101
18:42:09 DEBUG    [VWAPCalc] 2025-04-17  VWAP=1260.43  SD=15.4303
18:42:09 DEBUG    [VWAPCalc] 2025-04-17  VWAP=1260.76  SD=15.4240
18:42:09 DEBUG    [VWAPCalc] 2025-04-17  VWAP=1261.00  SD=15.4026
18:42:09 DEBUG    [VWAPCalc] 2025-04-17  VWAP=1261.22  SD=15.3730
18:42:09 DEBUG    [VWAPCalc] 2025-04-17  VWAP=1261.40  SD=15.3437
18:42:09 DEBUG    [VWAPCalc] 2025-04-17  VWAP=1261.62  SD=15.2859
18:42:09 DEBUG    [VWAPCalc] 2025-04-17  VWAP=1261.81  SD=15.2467
18:42:09 DEBUG    [VWAPCalc] 2025-04-17  VWAP=1262.02  SD=15.2050
18:42:09 DEBUG    [VWAPCalc] 2025-04-17  VWAP=1262.15  SD=15.1745
18:42:09 DEBUG    [VWAPCalc] 2025-04-17  VWAP=1262.33  SD=15.1352
18:42:09 DEBUG    [VWAPCalc] 2025-04-17  VWAP=1262.45  SD=15.0922
18:42:09 DEBUG    [VWAPCalc] 2025-04-14  VWAP=3290.00  SD=0.0000
18:42:09 DEBUG    [VWAPCalc] 2025-04-14  VWAP=3289.62  SD=0.7522
18:42:09 DEBUG    [VWAPCalc] 2025-04-14  VWAP=3289.91  SD=0.9463
18:42:09 DEBUG    [VWAPCalc] 2025-04-14  VWAP=3289.70  SD=1.1625
18:42:09 DEBUG    [VWAPCalc] 2025-04-14  VWAP=3289.46  SD=1.3485
18:42:09 DEBUG    [VWAPCalc] 2025-04-15  VWAP=3276.20  SD=0.0000
18:42:09 DEBUG    [VWAPCalc] 2025-04-15  VWAP=3274.65  SD=1.6155
18:42:09 DEBUG    [VWAPCalc] 2025-04-15  VWAP=3275.20  SD=1.5437
18:42:09 DEBUG    [VWAPCalc] 2025-04-15  VWAP=3275.75  SD=1.8470
18:42:09 DEBUG    [VWAPCalc] 2025-04-15  VWAP=3276.28  SD=2.1453
18:42:09 DEBUG    [VWAPCalc] 2025-04-15  VWAP=3276.64  SD=2.2209
18:42:09 DEBUG    [VWAPCalc] 2025-04-15  VWAP=3277.33  SD=2.3725
18:42:09 DEBUG    [VWAPCalc] 2025-04-15  VWAP=3277.42  SD=2.3282
18:42:09 DEBUG    [VWAPCalc] 2025-04-15  VWAP=3276.63  SD=2.8828
18:42:09 DEBUG    [VWAPCalc] 2025-04-15  VWAP=3275.58  SD=3.9630
18:42:09 DEBUG    [VWAPCalc] 2025-04-15  VWAP=3274.96  SD=4.4094
18:42:09 DEBUG    [VWAPCalc] 2025-04-15  VWAP=3273.17  SD=6.1508
18:42:09 DEBUG    [VWAPCalc] 2025-04-15  VWAP=3272.35  SD=6.9423
18:42:09 DEBUG    [VWAPCalc] 2025-04-15  VWAP=3270.80  SD=8.3976
18:42:09 DEBUG    [VWAPCalc] 2025-04-15  VWAP=3269.69  SD=9.3285
18:42:09 DEBUG    [VWAPCalc] 2025-04-15  VWAP=3268.70  SD=9.8538
18:42:09 DEBUG    [VWAPCalc] 2025-04-15  VWAP=3268.02  SD=10.0491
18:42:09 DEBUG    [VWAPCalc] 2025-04-15  VWAP=3267.53  SD=10.0594
18:42:09 DEBUG    [VWAPCalc] 2025-04-15  VWAP=3267.03  SD=9.9948
18:42:09 DEBUG    [VWAPCalc] 2025-04-15  VWAP=3266.71  SD=9.8980
18:42:09 DEBUG    [VWAPCalc] 2025-04-15  VWAP=3266.51  SD=9.8874
18:42:09 DEBUG    [VWAPCalc] 2025-04-15  VWAP=3266.06  SD=9.9664
18:42:09 DEBUG    [VWAPCalc] 2025-04-15  VWAP=3265.65  SD=10.0714
18:42:09 DEBUG    [VWAPCalc] 2025-04-15  VWAP=3265.33  SD=10.0437
18:42:09 DEBUG    [VWAPCalc] 2025-04-15  VWAP=3265.16  SD=10.0322
18:42:09 DEBUG    [VWAPCalc] 2025-04-15  VWAP=3264.97  SD=9.9590
18:42:09 DEBUG    [VWAPCalc] 2025-04-15  VWAP=3264.87  SD=9.8568
18:42:09 DEBUG    [VWAPCalc] 2025-04-15  VWAP=3264.77  SD=9.8157
18:42:09 DEBUG    [VWAPCalc] 2025-04-15  VWAP=3264.65  SD=9.7662
18:42:09 DEBUG    [VWAPCalc] 2025-04-15  VWAP=3264.48  SD=9.7437
18:42:09 DEBUG    [VWAPCalc] 2025-04-15  VWAP=3264.40  SD=9.7060
18:42:09 DEBUG    [VWAPCalc] 2025-04-15  VWAP=3264.28  SD=9.6720
18:42:09 DEBUG    [VWAPCalc] 2025-04-15  VWAP=3264.18  SD=9.6337
18:42:09 DEBUG    [VWAPCalc] 2025-04-15  VWAP=3264.06  SD=9.6364
18:42:09 DEBUG    [VWAPCalc] 2025-04-15  VWAP=3263.89  SD=9.6735
18:42:09 DEBUG    [VWAPCalc] 2025-04-15  VWAP=3263.49  SD=9.8246
18:42:09 DEBUG    [VWAPCalc] 2025-04-15  VWAP=3263.31  SD=9.8368
18:42:09 DEBUG    [VWAPCalc] 2025-04-15  VWAP=3263.16  SD=9.8312
18:42:09 DEBUG    [VWAPCalc] 2025-04-15  VWAP=3262.99  SD=9.8133
18:42:09 DEBUG    [VWAPCalc] 2025-04-15  VWAP=3262.83  SD=9.7819
18:42:09 DEBUG    [VWAPCalc] 2025-04-15  VWAP=3262.50  SD=9.8005
18:42:09 DEBUG    [VWAPCalc] 2025-04-15  VWAP=3262.36  SD=9.8166
18:42:09 DEBUG    [VWAPCalc] 2025-04-15  VWAP=3262.15  SD=9.8429
18:42:09 DEBUG    [VWAPCalc] 2025-04-15  VWAP=3261.88  SD=9.9055
18:42:09 DEBUG    [VWAPCalc] 2025-04-15  VWAP=3261.52  SD=10.0879
18:42:09 DEBUG    [VWAPCalc] 2025-04-15  VWAP=3261.16  SD=10.2725
18:42:09 DEBUG    [VWAPCalc] 2025-04-15  VWAP=3260.75  SD=10.4860
18:42:09 DEBUG    [VWAPCalc] 2025-04-15  VWAP=3260.17  SD=10.8290
18:42:09 DEBUG    [VWAPCalc] 2025-04-15  VWAP=3259.90  SD=10.9507
18:42:09 DEBUG    [VWAPCalc] 2025-04-15  VWAP=3259.62  SD=11.0939
18:42:09 DEBUG    [VWAPCalc] 2025-04-15  VWAP=3259.38  SD=11.1997
18:42:09 DEBUG    [VWAPCalc] 2025-04-15  VWAP=3259.19  SD=11.2705
18:42:09 DEBUG    [VWAPCalc] 2025-04-15  VWAP=3258.82  SD=11.2832
18:42:09 DEBUG    [VWAPCalc] 2025-04-15  VWAP=3258.69  SD=11.0842
18:42:09 DEBUG    [VWAPCalc] 2025-04-15  VWAP=3258.64  SD=11.0196
18:42:09 DEBUG    [VWAPCalc] 2025-04-15  VWAP=3258.58  SD=10.9662
18:42:09 DEBUG    [VWAPCalc] 2025-04-15  VWAP=3258.51  SD=10.7845
18:42:09 DEBUG    [VWAPCalc] 2025-04-15  VWAP=3258.46  SD=10.6620
18:42:09 DEBUG    [VWAPCalc] 2025-04-15  VWAP=3258.44  SD=10.5840
18:42:09 DEBUG    [VWAPCalc] 2025-04-15  VWAP=3258.45  SD=10.5270
18:42:09 DEBUG    [VWAPCalc] 2025-04-15  VWAP=3258.44  SD=10.4825
18:42:09 DEBUG    [VWAPCalc] 2025-04-15  VWAP=3258.44  SD=10.3554
18:42:09 DEBUG    [VWAPCalc] 2025-04-15  VWAP=3258.52  SD=10.2350
18:42:09 DEBUG    [VWAPCalc] 2025-04-15  VWAP=3258.54  SD=10.1779
18:42:09 DEBUG    [VWAPCalc] 2025-04-15  VWAP=3258.55  SD=10.0881
18:42:09 DEBUG    [VWAPCalc] 2025-04-15  VWAP=3258.59  SD=10.0234
18:42:09 DEBUG    [VWAPCalc] 2025-04-15  VWAP=3258.64  SD=9.9527
18:42:09 DEBUG    [VWAPCalc] 2025-04-15  VWAP=3258.64  SD=9.8967
18:42:09 DEBUG    [VWAPCalc] 2025-04-15  VWAP=3258.63  SD=9.8461
18:42:09 DEBUG    [VWAPCalc] 2025-04-15  VWAP=3258.62  SD=9.7863
18:42:09 DEBUG    [VWAPCalc] 2025-04-15  VWAP=3258.62  SD=9.7033
18:42:09 DEBUG    [VWAPCalc] 2025-04-15  VWAP=3258.62  SD=9.6488
18:42:09 DEBUG    [VWAPCalc] 2025-04-15  VWAP=3258.60  SD=9.6073
18:42:09 DEBUG    [VWAPCalc] 2025-04-15  VWAP=3258.59  SD=9.5781
18:42:09 DEBUG    [VWAPCalc] 2025-04-15  VWAP=3258.58  SD=9.5543
18:42:09 DEBUG    [VWAPCalc] 2025-04-15  VWAP=3258.57  SD=9.5361
18:42:09 DEBUG    [VWAPCalc] 2025-04-15  VWAP=3258.50  SD=9.4942
18:42:09 DEBUG    [VWAPCalc] 2025-04-15  VWAP=3258.45  SD=9.4689
18:42:09 DEBUG    [VWAPCalc] 2025-04-15  VWAP=3258.41  SD=9.4325
18:42:09 DEBUG    [VWAPCalc] 2025-04-15  VWAP=3258.40  SD=9.4157
18:42:09 DEBUG    [VWAPCalc] 2025-04-15  VWAP=3257.91  SD=9.1818
18:42:09 DEBUG    [VWAPCalc] 2025-04-15  VWAP=3257.88  SD=9.1664
18:42:09 DEBUG    [VWAPCalc] 2025-04-15  VWAP=3257.86  SD=9.1559
18:42:09 DEBUG    [VWAPCalc] 2025-04-15  VWAP=3257.82  SD=9.1475
18:42:09 DEBUG    [VWAPCalc] 2025-04-15  VWAP=3257.71  SD=9.1087
18:42:09 DEBUG    [VWAPCalc] 2025-04-15  VWAP=3257.59  SD=9.0645
18:42:09 DEBUG    [VWAPCalc] 2025-04-15  VWAP=3257.55  SD=9.0498
18:42:09 DEBUG    [VWAPCalc] 2025-04-15  VWAP=3257.49  SD=9.0370
18:42:09 DEBUG    [VWAPCalc] 2025-04-15  VWAP=3257.38  SD=9.0361
18:42:09 DEBUG    [VWAPCalc] 2025-04-15  VWAP=3257.31  SD=9.0403
18:42:09 DEBUG    [VWAPCalc] 2025-04-15  VWAP=3257.17  SD=9.0641
18:42:09 DEBUG    [VWAPCalc] 2025-04-15  VWAP=3257.03  SD=9.1111
18:42:09 DEBUG    [VWAPCalc] 2025-04-15  VWAP=3256.88  SD=9.1129
18:42:09 DEBUG    [VWAPCalc] 2025-04-15  VWAP=3256.67  SD=9.1359
18:42:09 DEBUG    [VWAPCalc] 2025-04-15  VWAP=3256.56  SD=9.1535
18:42:09 DEBUG    [VWAPCalc] 2025-04-15  VWAP=3256.47  SD=9.1349
18:42:09 DEBUG    [VWAPCalc] 2025-04-15  VWAP=3256.43  SD=9.1138
18:42:09 DEBUG    [VWAPCalc] 2025-04-15  VWAP=3256.36  SD=9.0328
18:42:09 DEBUG    [VWAPCalc] 2025-04-15  VWAP=3256.34  SD=9.0008
18:42:09 DEBUG    [VWAPCalc] 2025-04-15  VWAP=3256.29  SD=8.9362
18:42:09 DEBUG    [VWAPCalc] 2025-04-15  VWAP=3256.22  SD=8.9076
18:42:09 DEBUG    [VWAPCalc] 2025-04-15  VWAP=3256.17  SD=8.8946
18:42:09 DEBUG    [VWAPCalc] 2025-04-15  VWAP=3256.14  SD=8.8845
18:42:09 DEBUG    [VWAPCalc] 2025-04-15  VWAP=3256.05  SD=8.8510
18:42:09 DEBUG    [VWAPCalc] 2025-04-15  VWAP=3255.97  SD=8.8118
18:42:09 DEBUG    [VWAPCalc] 2025-04-15  VWAP=3255.92  SD=8.7990
18:42:09 DEBUG    [VWAPCalc] 2025-04-15  VWAP=3255.77  SD=8.7555
18:42:09 DEBUG    [VWAPCalc] 2025-04-15  VWAP=3255.51  SD=8.7851
18:42:09 DEBUG    [VWAPCalc] 2025-04-15  VWAP=3255.23  SD=8.8457
18:42:09 DEBUG    [VWAPCalc] 2025-04-15  VWAP=3255.09  SD=8.8790
18:42:09 DEBUG    [VWAPCalc] 2025-04-15  VWAP=3254.81  SD=8.9115
18:42:09 DEBUG    [VWAPCalc] 2025-04-15  VWAP=3254.56  SD=8.8995
18:42:09 DEBUG    [VWAPCalc] 2025-04-15  VWAP=3254.32  SD=8.8924
18:42:09 DEBUG    [VWAPCalc] 2025-04-15  VWAP=3254.01  SD=8.8211
18:42:09 DEBUG    [VWAPCalc] 2025-04-15  VWAP=3253.83  SD=8.7576
18:42:09 DEBUG    [VWAPCalc] 2025-04-15  VWAP=3253.66  SD=8.6145
18:42:09 DEBUG    [VWAPCalc] 2025-04-15  VWAP=3253.51  SD=8.4788
18:42:09 DEBUG    [VWAPCalc] 2025-04-15  VWAP=3253.39  SD=8.3959
18:42:09 DEBUG    [VWAPCalc] 2025-04-15  VWAP=3253.32  SD=8.3174
18:42:09 DEBUG    [VWAPCalc] 2025-04-15  VWAP=3253.32  SD=8.2587
18:42:09 DEBUG    [VWAPCalc] 2025-04-15  VWAP=3253.09  SD=8.2573
18:42:09 DEBUG    [VWAPCalc] 2025-04-15  VWAP=3253.04  SD=8.2192
18:42:09 DEBUG    [VWAPCalc] 2025-04-15  VWAP=3253.03  SD=8.1964
18:42:09 DEBUG    [VWAPCalc] 2025-04-15  VWAP=3253.06  SD=8.1731
18:42:09 DEBUG    [VWAPCalc] 2025-04-15  VWAP=3253.17  SD=8.2057
18:42:09 DEBUG    [VWAPCalc] 2025-04-16  VWAP=3267.63  SD=0.0000
18:42:09 DEBUG    [VWAPCalc] 2025-04-16  VWAP=3266.16  SD=0.7600
18:42:09 DEBUG    [VWAPCalc] 2025-04-16  VWAP=3266.79  SD=0.9287
18:42:09 DEBUG    [VWAPCalc] 2025-04-16  VWAP=3265.97  SD=2.4926
18:42:09 DEBUG    [VWAPCalc] 2025-04-16  VWAP=3265.17  SD=3.3071
18:42:09 DEBUG    [VWAPCalc] 2025-04-16  VWAP=3264.27  SD=4.4096
18:42:09 DEBUG    [VWAPCalc] 2025-04-16  VWAP=3262.84  SD=6.1802
18:42:09 DEBUG    [VWAPCalc] 2025-04-16  VWAP=3262.03  SD=6.7704
18:42:09 DEBUG    [VWAPCalc] 2025-04-16  VWAP=3261.38  SD=7.2055
18:42:09 DEBUG    [VWAPCalc] 2025-04-16  VWAP=3260.60  SD=7.7286
18:42:09 DEBUG    [VWAPCalc] 2025-04-16  VWAP=3260.27  SD=7.8957
18:42:09 DEBUG    [VWAPCalc] 2025-04-16  VWAP=3259.84  SD=8.1555
18:42:09 DEBUG    [VWAPCalc] 2025-04-16  VWAP=3259.25  SD=8.5061
18:42:09 DEBUG    [VWAPCalc] 2025-04-16  VWAP=3258.72  SD=8.7260
18:42:09 DEBUG    [VWAPCalc] 2025-04-16  VWAP=3258.41  SD=8.8537
18:42:09 DEBUG    [VWAPCalc] 2025-04-16  VWAP=3257.65  SD=9.2865
18:42:09 DEBUG    [VWAPCalc] 2025-04-16  VWAP=3257.16  SD=9.5073
18:42:09 DEBUG    [VWAPCalc] 2025-04-16  VWAP=3256.46  SD=9.8378
18:42:09 DEBUG    [VWAPCalc] 2025-04-16  VWAP=3256.05  SD=10.0082
18:42:09 DEBUG    [VWAPCalc] 2025-04-16  VWAP=3255.71  SD=10.1160
18:42:09 DEBUG    [VWAPCalc] 2025-04-16  VWAP=3254.91  SD=10.3925
18:42:09 DEBUG    [VWAPCalc] 2025-04-16  VWAP=3254.58  SD=10.4792
18:42:09 DEBUG    [VWAPCalc] 2025-04-16  VWAP=3254.08  SD=10.5973
18:42:09 DEBUG    [VWAPCalc] 2025-04-16  VWAP=3253.82  SD=10.5630
18:42:09 DEBUG    [VWAPCalc] 2025-04-16  VWAP=3253.68  SD=10.5256
18:42:09 DEBUG    [VWAPCalc] 2025-04-16  VWAP=3253.62  SD=10.5087
18:42:09 DEBUG    [VWAPCalc] 2025-04-16  VWAP=3253.44  SD=10.4200
18:42:09 DEBUG    [VWAPCalc] 2025-04-16  VWAP=3253.31  SD=10.2983
18:42:09 DEBUG    [VWAPCalc] 2025-04-16  VWAP=3253.21  SD=10.2570
18:42:09 DEBUG    [VWAPCalc] 2025-04-16  VWAP=3253.07  SD=10.2063
18:42:09 DEBUG    [VWAPCalc] 2025-04-16  VWAP=3252.77  SD=10.1267
18:42:09 DEBUG    [VWAPCalc] 2025-04-16  VWAP=3252.35  SD=10.0846
18:42:09 DEBUG    [VWAPCalc] 2025-04-16  VWAP=3252.16  SD=10.0069
18:42:09 DEBUG    [VWAPCalc] 2025-04-16  VWAP=3252.05  SD=9.9185
18:42:09 DEBUG    [VWAPCalc] 2025-04-16  VWAP=3251.96  SD=9.8401
18:42:09 DEBUG    [VWAPCalc] 2025-04-16  VWAP=3251.88  SD=9.7381
18:42:09 DEBUG    [VWAPCalc] 2025-04-16  VWAP=3251.86  SD=9.6935
18:42:09 DEBUG    [VWAPCalc] 2025-04-16  VWAP=3251.81  SD=9.6128
18:42:09 DEBUG    [VWAPCalc] 2025-04-16  VWAP=3251.79  SD=9.5718
18:42:09 DEBUG    [VWAPCalc] 2025-04-16  VWAP=3251.79  SD=9.4933
18:42:09 DEBUG    [VWAPCalc] 2025-04-16  VWAP=3251.80  SD=9.1282
18:42:09 DEBUG    [VWAPCalc] 2025-04-16  VWAP=3251.82  SD=9.0861
18:42:09 DEBUG    [VWAPCalc] 2025-04-16  VWAP=3251.83  SD=9.0299
18:42:09 DEBUG    [VWAPCalc] 2025-04-16  VWAP=3251.83  SD=8.9945
18:42:09 DEBUG    [VWAPCalc] 2025-04-16  VWAP=3251.87  SD=8.9487
18:42:09 DEBUG    [VWAPCalc] 2025-04-16  VWAP=3252.01  SD=8.9146
18:42:09 DEBUG    [VWAPCalc] 2025-04-16  VWAP=3252.06  SD=8.8931
18:42:09 DEBUG    [VWAPCalc] 2025-04-16  VWAP=3252.09  SD=8.8727
18:42:09 DEBUG    [VWAPCalc] 2025-04-16  VWAP=3252.14  SD=8.8190
18:42:09 DEBUG    [VWAPCalc] 2025-04-16  VWAP=3252.17  SD=8.7857
18:42:09 DEBUG    [VWAPCalc] 2025-04-16  VWAP=3252.22  SD=8.7496
18:42:09 DEBUG    [VWAPCalc] 2025-04-16  VWAP=3252.29  SD=8.7219
18:42:09 DEBUG    [VWAPCalc] 2025-04-16  VWAP=3252.46  SD=8.7036
18:42:09 DEBUG    [VWAPCalc] 2025-04-16  VWAP=3252.55  SD=8.7124
18:42:09 DEBUG    [VWAPCalc] 2025-04-16  VWAP=3252.65  SD=8.7235
18:42:09 DEBUG    [VWAPCalc] 2025-04-16  VWAP=3252.84  SD=8.7615
18:42:09 DEBUG    [VWAPCalc] 2025-04-16  VWAP=3253.24  SD=8.8581
18:42:09 DEBUG    [VWAPCalc] 2025-04-16  VWAP=3253.72  SD=9.0627
18:42:09 DEBUG    [VWAPCalc] 2025-04-16  VWAP=3253.97  SD=9.1898
18:42:09 DEBUG    [VWAPCalc] 2025-04-16  VWAP=3254.15  SD=9.2518
18:42:09 DEBUG    [VWAPCalc] 2025-04-16  VWAP=3254.48  SD=9.3581
18:42:09 DEBUG    [VWAPCalc] 2025-04-16  VWAP=3254.56  SD=9.3733
18:42:09 DEBUG    [VWAPCalc] 2025-04-16  VWAP=3255.00  SD=9.5184
18:42:09 DEBUG    [VWAPCalc] 2025-04-16  VWAP=3255.08  SD=9.5368
18:42:09 DEBUG    [VWAPCalc] 2025-04-16  VWAP=3255.16  SD=9.5459
18:42:09 DEBUG    [VWAPCalc] 2025-04-16  VWAP=3255.31  SD=9.5424
18:42:09 DEBUG    [VWAPCalc] 2025-04-16  VWAP=3255.64  SD=9.5243
18:42:09 DEBUG    [VWAPCalc] 2025-04-16  VWAP=3255.75  SD=9.5248
18:42:09 DEBUG    [VWAPCalc] 2025-04-16  VWAP=3255.81  SD=9.5208
18:42:09 DEBUG    [VWAPCalc] 2025-04-16  VWAP=3255.90  SD=9.5157
18:42:09 DEBUG    [VWAPCalc] 2025-04-16  VWAP=3256.00  SD=9.4881
18:42:09 DEBUG    [VWAPCalc] 2025-04-16  VWAP=3256.13  SD=9.3972
18:42:09 DEBUG    [VWAPCalc] 2025-04-16  VWAP=3256.16  SD=9.3745
18:42:09 DEBUG    [VWAPCalc] 2025-04-16  VWAP=3256.24  SD=9.3200
18:42:09 DEBUG    [VWAPCalc] 2025-04-16  VWAP=3256.33  SD=9.3039
18:42:09 DEBUG    [VWAPCalc] 2025-04-16  VWAP=3256.52  SD=9.2628
18:42:09 DEBUG    [VWAPCalc] 2025-04-16  VWAP=3256.56  SD=9.2397
18:42:09 DEBUG    [VWAPCalc] 2025-04-16  VWAP=3256.59  SD=9.2077
18:42:09 DEBUG    [VWAPCalc] 2025-04-16  VWAP=3256.65  SD=9.1315
18:42:09 DEBUG    [VWAPCalc] 2025-04-16  VWAP=3256.76  SD=8.9655
18:42:09 DEBUG    [VWAPCalc] 2025-04-16  VWAP=3256.79  SD=8.9239
18:42:09 DEBUG    [VWAPCalc] 2025-04-16  VWAP=3256.81  SD=8.8615
18:42:09 DEBUG    [VWAPCalc] 2025-04-16  VWAP=3256.88  SD=8.7884
18:42:09 DEBUG    [VWAPCalc] 2025-04-16  VWAP=3256.88  SD=8.7736
18:42:09 DEBUG    [VWAPCalc] 2025-04-16  VWAP=3256.89  SD=8.7606
18:42:09 DEBUG    [VWAPCalc] 2025-04-16  VWAP=3256.90  SD=8.7341
18:42:09 DEBUG    [VWAPCalc] 2025-04-16  VWAP=3256.91  SD=8.7152
18:42:09 DEBUG    [VWAPCalc] 2025-04-16  VWAP=3256.91  SD=8.6992
18:42:09 DEBUG    [VWAPCalc] 2025-04-16  VWAP=3256.95  SD=8.6114
18:42:09 DEBUG    [VWAPCalc] 2025-04-16  VWAP=3257.20  SD=8.5070
18:42:09 DEBUG    [VWAPCalc] 2025-04-16  VWAP=3257.36  SD=8.5072
18:42:09 DEBUG    [VWAPCalc] 2025-04-16  VWAP=3257.42  SD=8.5038
18:42:09 DEBUG    [VWAPCalc] 2025-04-16  VWAP=3257.45  SD=8.5035
18:42:09 DEBUG    [VWAPCalc] 2025-04-16  VWAP=3257.62  SD=8.5414
18:42:09 DEBUG    [VWAPCalc] 2025-04-16  VWAP=3257.87  SD=8.6844
18:42:09 DEBUG    [VWAPCalc] 2025-04-16  VWAP=3257.94  SD=8.7151
18:42:09 DEBUG    [VWAPCalc] 2025-04-16  VWAP=3258.01  SD=8.7460
18:42:09 DEBUG    [VWAPCalc] 2025-04-16  VWAP=3258.34  SD=8.9729
18:42:09 DEBUG    [VWAPCalc] 2025-04-16  VWAP=3258.49  SD=9.0766
18:42:09 DEBUG    [VWAPCalc] 2025-04-16  VWAP=3258.63  SD=9.1735
18:42:09 DEBUG    [VWAPCalc] 2025-04-16  VWAP=3258.72  SD=9.2253
18:42:09 DEBUG    [VWAPCalc] 2025-04-16  VWAP=3258.80  SD=9.2538
18:42:09 DEBUG    [VWAPCalc] 2025-04-16  VWAP=3259.02  SD=9.3500
18:42:09 DEBUG    [VWAPCalc] 2025-04-16  VWAP=3259.20  SD=9.4362
18:42:09 DEBUG    [VWAPCalc] 2025-04-16  VWAP=3259.32  SD=9.4814
18:42:09 DEBUG    [VWAPCalc] 2025-04-16  VWAP=3259.40  SD=9.5011
18:42:09 DEBUG    [VWAPCalc] 2025-04-16  VWAP=3259.47  SD=9.5214
18:42:09 DEBUG    [VWAPCalc] 2025-04-16  VWAP=3259.59  SD=9.5381
18:42:09 DEBUG    [VWAPCalc] 2025-04-16  VWAP=3259.65  SD=9.5379
18:42:09 DEBUG    [VWAPCalc] 2025-04-16  VWAP=3259.72  SD=9.5378
18:42:09 DEBUG    [VWAPCalc] 2025-04-16  VWAP=3259.92  SD=9.5720
18:42:09 DEBUG    [VWAPCalc] 2025-04-16  VWAP=3260.17  SD=9.6646
18:42:09 DEBUG    [VWAPCalc] 2025-04-16  VWAP=3260.37  SD=9.7392
18:42:09 DEBUG    [VWAPCalc] 2025-04-16  VWAP=3260.57  SD=9.7983
18:42:09 DEBUG    [VWAPCalc] 2025-04-16  VWAP=3260.72  SD=9.8174
18:42:09 DEBUG    [VWAPCalc] 2025-04-16  VWAP=3260.96  SD=9.8543
18:42:09 DEBUG    [VWAPCalc] 2025-04-16  VWAP=3261.24  SD=9.9323
18:42:09 DEBUG    [VWAPCalc] 2025-04-16  VWAP=3261.47  SD=10.0037
18:42:09 DEBUG    [VWAPCalc] 2025-04-16  VWAP=3261.73  SD=10.0834
18:42:09 DEBUG    [VWAPCalc] 2025-04-16  VWAP=3261.93  SD=10.1320
18:42:09 DEBUG    [VWAPCalc] 2025-04-16  VWAP=3259.53  SD=12.6592
18:42:09 DEBUG    [VWAPCalc] 2025-04-16  VWAP=3258.77  SD=13.4225
18:42:09 DEBUG    [VWAPCalc] 2025-04-16  VWAP=3258.30  SD=13.8671
18:42:09 DEBUG    [VWAPCalc] 2025-04-16  VWAP=3257.82  SD=14.3056
18:42:09 DEBUG    [VWAPCalc] 2025-04-16  VWAP=3257.54  SD=14.5529
18:42:09 DEBUG    [VWAPCalc] 2025-04-17  VWAP=3221.40  SD=0.0000
18:42:09 DEBUG    [VWAPCalc] 2025-04-17  VWAP=3220.78  SD=0.7390
18:42:09 DEBUG    [VWAPCalc] 2025-04-17  VWAP=3221.38  SD=1.2630
18:42:09 DEBUG    [VWAPCalc] 2025-04-17  VWAP=3221.92  SD=1.6868
18:42:09 DEBUG    [VWAPCalc] 2025-04-17  VWAP=3223.38  SD=3.2722
18:42:09 DEBUG    [VWAPCalc] 2025-04-17  VWAP=3224.42  SD=3.8836
18:42:09 DEBUG    [VWAPCalc] 2025-04-17  VWAP=3225.03  SD=4.0714
18:42:09 DEBUG    [VWAPCalc] 2025-04-17  VWAP=3225.45  SD=4.2083
18:42:09 DEBUG    [VWAPCalc] 2025-04-17  VWAP=3226.18  SD=4.6991
18:42:09 DEBUG    [VWAPCalc] 2025-04-17  VWAP=3227.23  SD=5.4664
18:42:09 DEBUG    [VWAPCalc] 2025-04-17  VWAP=3227.88  SD=5.5405
18:42:09 DEBUG    [VWAPCalc] 2025-04-17  VWAP=3228.17  SD=5.5504
18:42:09 DEBUG    [VWAPCalc] 2025-04-17  VWAP=3228.26  SD=5.4922
18:42:09 DEBUG    [VWAPCalc] 2025-04-17  VWAP=3228.28  SD=5.3458
18:42:09 DEBUG    [VWAPCalc] 2025-04-17  VWAP=3228.35  SD=5.2327
18:42:09 DEBUG    [VWAPCalc] 2025-04-17  VWAP=3228.43  SD=5.1173
18:42:09 DEBUG    [VWAPCalc] 2025-04-17  VWAP=3228.43  SD=5.0463
18:42:09 DEBUG    [VWAPCalc] 2025-04-17  VWAP=3228.43  SD=4.9678
18:42:09 DEBUG    [VWAPCalc] 2025-04-17  VWAP=3228.56  SD=4.9338
18:42:09 DEBUG    [VWAPCalc] 2025-04-17  VWAP=3228.60  SD=4.9129
18:42:09 DEBUG    [VWAPCalc] 2025-04-17  VWAP=3228.78  SD=4.9369
18:42:09 DEBUG    [VWAPCalc] 2025-04-17  VWAP=3228.87  SD=4.9613
18:42:09 DEBUG    [VWAPCalc] 2025-04-17  VWAP=3229.03  SD=4.9969
18:42:09 DEBUG    [VWAPCalc] 2025-04-17  VWAP=3229.22  SD=5.0969
18:42:09 DEBUG    [VWAPCalc] 2025-04-17  VWAP=3229.27  SD=5.1138
18:42:09 DEBUG    [VWAPCalc] 2025-04-17  VWAP=3229.58  SD=5.2905
18:42:09 DEBUG    [VWAPCalc] 2025-04-17  VWAP=3229.71  SD=5.3802
18:42:09 DEBUG    [VWAPCalc] 2025-04-17  VWAP=3229.83  SD=5.4151
18:42:09 DEBUG    [VWAPCalc] 2025-04-17  VWAP=3229.90  SD=5.4142
18:42:09 DEBUG    [VWAPCalc] 2025-04-17  VWAP=3229.98  SD=5.4102
18:42:09 DEBUG    [VWAPCalc] 2025-04-17  VWAP=3230.23  SD=5.3540
18:42:09 DEBUG    [VWAPCalc] 2025-04-17  VWAP=3230.35  SD=5.3474
18:42:09 DEBUG    [VWAPCalc] 2025-04-17  VWAP=3230.40  SD=5.3600
18:42:09 DEBUG    [VWAPCalc] 2025-04-17  VWAP=3230.58  SD=5.4618
18:42:09 DEBUG    [VWAPCalc] 2025-04-17  VWAP=3230.72  SD=5.5280
18:42:09 DEBUG    [VWAPCalc] 2025-04-17  VWAP=3231.16  SD=5.8681
18:42:09 DEBUG    [VWAPCalc] 2025-04-17  VWAP=3231.64  SD=6.2672
18:42:09 DEBUG    [VWAPCalc] 2025-04-17  VWAP=3232.01  SD=6.6134
18:42:09 DEBUG    [VWAPCalc] 2025-04-17  VWAP=3232.31  SD=6.8870
18:42:09 DEBUG    [VWAPCalc] 2025-04-17  VWAP=3233.10  SD=7.6752
18:42:09 DEBUG    [VWAPCalc] 2025-04-17  VWAP=3233.64  SD=8.2298
18:42:09 DEBUG    [VWAPCalc] 2025-04-17  VWAP=3234.26  SD=8.8656
18:42:09 DEBUG    [VWAPCalc] 2025-04-17  VWAP=3234.82  SD=9.4237
18:42:09 DEBUG    [VWAPCalc] 2025-04-17  VWAP=3235.09  SD=9.6312
18:42:09 DEBUG    [VWAPCalc] 2025-04-17  VWAP=3235.82  SD=10.2733
18:42:09 DEBUG    [VWAPCalc] 2025-04-17  VWAP=3236.52  SD=10.8574
18:42:09 DEBUG    [VWAPCalc] 2025-04-17  VWAP=3236.78  SD=11.0274
18:42:09 DEBUG    [VWAPCalc] 2025-04-17  VWAP=3237.56  SD=11.5163
18:42:09 DEBUG    [VWAPCalc] 2025-04-17  VWAP=3238.02  SD=11.6658
18:42:09 DEBUG    [VWAPCalc] 2025-04-17  VWAP=3238.25  SD=11.7704
18:42:09 DEBUG    [VWAPCalc] 2025-04-17  VWAP=3238.45  SD=11.8427
18:42:09 DEBUG    [VWAPCalc] 2025-04-17  VWAP=3238.60  SD=11.8996
18:42:09 DEBUG    [VWAPCalc] 2025-04-17  VWAP=3238.82  SD=11.9813
18:42:09 DEBUG    [VWAPCalc] 2025-04-17  VWAP=3239.16  SD=12.1358
18:42:09 DEBUG    [VWAPCalc] 2025-04-17  VWAP=3239.43  SD=12.2511
18:42:09 DEBUG    [VWAPCalc] 2025-04-17  VWAP=3239.65  SD=12.3543
18:42:09 DEBUG    [VWAPCalc] 2025-04-17  VWAP=3239.91  SD=12.4753
18:42:09 DEBUG    [VWAPCalc] 2025-04-17  VWAP=3240.18  SD=12.6101
18:42:09 DEBUG    [VWAPCalc] 2025-04-17  VWAP=3240.64  SD=12.9044
18:42:09 DEBUG    [VWAPCalc] 2025-04-17  VWAP=3241.36  SD=13.4410
18:42:09 DEBUG    [VWAPCalc] 2025-04-17  VWAP=3242.29  SD=14.1054
18:42:09 DEBUG    [VWAPCalc] 2025-04-17  VWAP=3243.20  SD=14.7354
18:42:09 DEBUG    [VWAPCalc] 2025-04-17  VWAP=3243.56  SD=14.9125
18:42:09 DEBUG    [VWAPCalc] 2025-04-17  VWAP=3243.99  SD=15.1247
18:42:09 DEBUG    [VWAPCalc] 2025-04-17  VWAP=3244.41  SD=15.3652
18:42:09 DEBUG    [VWAPCalc] 2025-04-17  VWAP=3244.97  SD=15.7374
18:42:09 DEBUG    [VWAPCalc] 2025-04-17  VWAP=3246.23  SD=16.6448
18:42:09 DEBUG    [VWAPCalc] 2025-04-17  VWAP=3246.64  SD=16.9033
18:42:09 DEBUG    [VWAPCalc] 2025-04-17  VWAP=3246.90  SD=17.0578
18:42:09 DEBUG    [VWAPCalc] 2025-04-17  VWAP=3247.23  SD=17.1519
18:42:09 DEBUG    [VWAPCalc] 2025-04-17  VWAP=3247.39  SD=17.1981
18:42:09 DEBUG    [VWAPCalc] 2025-04-17  VWAP=3247.65  SD=17.2832
18:42:09 DEBUG    [VWAPCalc] 2025-04-17  VWAP=3247.99  SD=17.4346
18:42:09 DEBUG    [VWAPCalc] 2025-04-17  VWAP=3248.21  SD=17.5323
18:42:09 DEBUG    [VWAPCalc] 2025-04-17  VWAP=3248.49  SD=17.6768
18:42:09 DEBUG    [VWAPCalc] 2025-04-17  VWAP=3249.09  SD=17.9468
18:42:09 DEBUG    [VWAPCalc] 2025-04-17  VWAP=3249.32  SD=18.0343
18:42:09 DEBUG    [VWAPCalc] 2025-04-17  VWAP=3249.61  SD=18.1517
18:42:09 DEBUG    [VWAPCalc] 2025-04-17  VWAP=3249.92  SD=18.2695
18:42:09 DEBUG    [VWAPCalc] 2025-04-17  VWAP=3250.10  SD=18.3393
18:42:09 DEBUG    [VWAPCalc] 2025-04-17  VWAP=3250.45  SD=18.4829
18:42:09 DEBUG    [VWAPCalc] 2025-04-17  VWAP=3250.87  SD=18.6154
18:42:09 DEBUG    [VWAPCalc] 2025-04-17  VWAP=3251.42  SD=18.8107
18:42:09 DEBUG    [VWAPCalc] 2025-04-17  VWAP=3252.72  SD=19.5325
18:42:09 DEBUG    [VWAPCalc] 2025-04-17  VWAP=3253.21  SD=19.8548
18:42:09 DEBUG    [VWAPCalc] 2025-04-17  VWAP=3253.71  SD=20.1713
18:42:09 DEBUG    [VWAPCalc] 2025-04-17  VWAP=3254.00  SD=20.3514
18:42:09 DEBUG    [VWAPCalc] 2025-04-17  VWAP=3254.61  SD=20.7500
18:42:09 DEBUG    [VWAPCalc] 2025-04-17  VWAP=3254.93  SD=20.9539
18:42:09 DEBUG    [VWAPCalc] 2025-04-17  VWAP=3255.33  SD=21.2366
18:42:09 DEBUG    [VWAPCalc] 2025-04-17  VWAP=3256.27  SD=21.9578
18:42:09 DEBUG    [VWAPCalc] 2025-04-17  VWAP=3256.64  SD=22.2017
18:42:09 DEBUG    [VWAPCalc] 2025-04-17  VWAP=3256.87  SD=22.3415
18:42:09 DEBUG    [VWAPCalc] 2025-04-17  VWAP=3257.31  SD=22.6446
18:42:09 DEBUG    [VWAPCalc] 2025-04-17  VWAP=3257.75  SD=22.9115
18:42:09 DEBUG    [VWAPCalc] 2025-04-17  VWAP=3258.41  SD=23.1733
18:42:09 DEBUG    [VWAPCalc] 2025-04-17  VWAP=3258.71  SD=23.2452
18:42:09 DEBUG    [VWAPCalc] 2025-04-17  VWAP=3259.01  SD=23.2846
18:42:09 DEBUG    [VWAPCalc] 2025-04-17  VWAP=3259.32  SD=23.3453
18:42:09 DEBUG    [VWAPCalc] 2025-04-17  VWAP=3259.51  SD=23.3976
18:42:09 DEBUG    [VWAPCalc] 2025-04-17  VWAP=3259.77  SD=23.4871
18:42:09 DEBUG    [VWAPCalc] 2025-04-17  VWAP=3260.12  SD=23.6236
18:42:09 DEBUG    [VWAPCalc] 2025-04-17  VWAP=3260.37  SD=23.6930
18:42:09 DEBUG    [VWAPCalc] 2025-04-17  VWAP=3260.68  SD=23.7808
18:42:09 DEBUG    [VWAPCalc] 2025-04-17  VWAP=3260.86  SD=23.8469
18:42:09 DEBUG    [VWAPCalc] 2025-04-17  VWAP=3261.14  SD=23.9362
18:42:09 DEBUG    [VWAPCalc] 2025-04-17  VWAP=3261.29  SD=23.9848
18:42:09 DEBUG    [VWAPCalc] 2025-04-17  VWAP=3261.46  SD=24.0375
18:42:09 DEBUG    [VWAPCalc] 2025-04-17  VWAP=3261.69  SD=24.1099
18:42:09 DEBUG    [VWAPCalc] 2025-04-17  VWAP=3262.12  SD=24.2742
18:42:09 DEBUG    [VWAPCalc] 2025-04-17  VWAP=3262.90  SD=24.5996
18:42:09 DEBUG    [VWAPCalc] 2025-04-17  VWAP=3263.44  SD=24.7933
18:42:09 DEBUG    [VWAPCalc] 2025-04-17  VWAP=3263.99  SD=24.9704
18:42:09 DEBUG    [VWAPCalc] 2025-04-17  VWAP=3264.71  SD=25.2009
18:42:09 DEBUG    [VWAPCalc] 2025-04-17  VWAP=3265.26  SD=25.3960
18:42:09 DEBUG    [VWAPCalc] 2025-04-17  VWAP=3265.83  SD=25.5691
18:42:09 DEBUG    [VWAPCalc] 2025-04-17  VWAP=3266.40  SD=25.7169
18:42:09 DEBUG    [VWAPCalc] 2025-04-17  VWAP=3266.72  SD=25.7826
18:42:09 DEBUG    [VWAPCalc] 2025-04-17  VWAP=3267.04  SD=25.8466
18:42:09 DEBUG    [VWAPCalc] 2025-04-17  VWAP=3267.37  SD=25.8946
18:42:15 INFO     [DataFeed] DataFeed task cancelled — closing WebSocket …
18:42:15 WARNING  [DataFeed] WebSocket closed: {'code': 200, 'message': 'Connection Closed', 's': 'ok'}
18:42:17 INFO     [Main] Strategy task cancelled.
18:42:17 INFO     [Main] Shutdown complete — bye!
18:42:17 INFO     [Main] KeyboardInterrupt — terminated.
02:21:02 INFO     [DataFeed] Back‑filled NSE:RELIANCE-EQ: 375 bars
02:21:02 INFO     [DataFeed] Back‑filled NSE:TCS-EQ: 375 bars
02:21:03 INFO     [websocket] Websocket connected
02:21:04 INFO     [DataFeed] WebSocket connected
02:21:05 DEBUG    [VWAPCalc] 2025-04-14  VWAP=1246.20  SD=0.0000
02:21:05 DEBUG    [VWAPCalc] 2025-04-14  VWAP=1246.11  SD=0.2699
02:21:05 DEBUG    [VWAPCalc] 2025-04-14  VWAP=1245.99  SD=0.5207
02:21:05 DEBUG    [VWAPCalc] 2025-04-14  VWAP=1245.81  SD=0.8926
02:21:05 DEBUG    [VWAPCalc] 2025-04-14  VWAP=1245.67  SD=1.0651
02:21:05 DEBUG    [VWAPCalc] 2025-04-15  VWAP=1243.33  SD=0.0000
02:21:05 DEBUG    [VWAPCalc] 2025-04-15  VWAP=1243.36  SD=0.0332
02:21:05 DEBUG    [VWAPCalc] 2025-04-15  VWAP=1243.70  SD=0.3826
02:21:05 DEBUG    [VWAPCalc] 2025-04-15  VWAP=1243.76  SD=0.3896
02:21:05 DEBUG    [VWAPCalc] 2025-04-15  VWAP=1243.83  SD=0.3791
02:21:05 DEBUG    [VWAPCalc] 2025-04-15  VWAP=1243.84  SD=0.3595
02:21:05 DEBUG    [VWAPCalc] 2025-04-15  VWAP=1244.04  SD=0.5599
02:21:05 DEBUG    [VWAPCalc] 2025-04-15  VWAP=1244.40  SD=0.9835
02:21:05 DEBUG    [VWAPCalc] 2025-04-15  VWAP=1244.49  SD=1.0106
02:21:05 DEBUG    [VWAPCalc] 2025-04-15  VWAP=1244.49  SD=0.9857
02:21:05 DEBUG    [VWAPCalc] 2025-04-15  VWAP=1244.41  SD=1.0079
02:21:05 DEBUG    [VWAPCalc] 2025-04-15  VWAP=1244.30  SD=1.0903
02:21:05 DEBUG    [VWAPCalc] 2025-04-15  VWAP=1244.24  SD=1.1166
02:21:05 DEBUG    [VWAPCalc] 2025-04-15  VWAP=1244.17  SD=1.1388
02:21:05 DEBUG    [VWAPCalc] 2025-04-15  VWAP=1244.11  SD=1.1775
02:21:05 DEBUG    [VWAPCalc] 2025-04-15  VWAP=1243.93  SD=1.3652
02:21:05 DEBUG    [VWAPCalc] 2025-04-15  VWAP=1243.84  SD=1.4116
02:21:05 DEBUG    [VWAPCalc] 2025-04-15  VWAP=1243.78  SD=1.4215
02:21:05 DEBUG    [VWAPCalc] 2025-04-15  VWAP=1243.75  SD=1.4204
02:21:05 DEBUG    [VWAPCalc] 2025-04-15  VWAP=1243.70  SD=1.4313
02:21:05 DEBUG    [VWAPCalc] 2025-04-15  VWAP=1243.55  SD=1.5746
02:21:05 DEBUG    [VWAPCalc] 2025-04-15  VWAP=1243.45  SD=1.6563
02:21:05 DEBUG    [VWAPCalc] 2025-04-15  VWAP=1243.35  SD=1.7423
02:21:05 DEBUG    [VWAPCalc] 2025-04-15  VWAP=1243.22  SD=1.8743
02:21:05 DEBUG    [VWAPCalc] 2025-04-15  VWAP=1243.13  SD=1.9259
02:21:05 DEBUG    [VWAPCalc] 2025-04-15  VWAP=1243.02  SD=1.9925
02:21:05 DEBUG    [VWAPCalc] 2025-04-15  VWAP=1242.90  SD=2.0704
02:21:05 DEBUG    [VWAPCalc] 2025-04-15  VWAP=1242.84  SD=2.1101
02:21:05 DEBUG    [VWAPCalc] 2025-04-15  VWAP=1242.76  SD=2.1658
02:21:05 DEBUG    [VWAPCalc] 2025-04-15  VWAP=1242.69  SD=2.2180
02:21:05 DEBUG    [VWAPCalc] 2025-04-15  VWAP=1242.61  SD=2.2566
02:21:05 DEBUG    [VWAPCalc] 2025-04-15  VWAP=1242.56  SD=2.2703
02:21:05 DEBUG    [VWAPCalc] 2025-04-15  VWAP=1242.52  SD=2.2763
02:21:05 DEBUG    [VWAPCalc] 2025-04-15  VWAP=1242.47  SD=2.3005
02:21:05 DEBUG    [VWAPCalc] 2025-04-15  VWAP=1242.22  SD=2.4478
02:21:05 DEBUG    [VWAPCalc] 2025-04-15  VWAP=1242.14  SD=2.4826
02:21:05 DEBUG    [VWAPCalc] 2025-04-15  VWAP=1242.08  SD=2.5096
02:21:05 DEBUG    [VWAPCalc] 2025-04-15  VWAP=1242.04  SD=2.5279
02:21:05 DEBUG    [VWAPCalc] 2025-04-15  VWAP=1242.00  SD=2.5182
02:21:05 DEBUG    [VWAPCalc] 2025-04-15  VWAP=1241.96  SD=2.5124
02:21:05 DEBUG    [VWAPCalc] 2025-04-15  VWAP=1241.94  SD=2.5094
02:21:05 DEBUG    [VWAPCalc] 2025-04-15  VWAP=1241.92  SD=2.5032
02:21:05 DEBUG    [VWAPCalc] 2025-04-15  VWAP=1241.90  SD=2.4950
02:21:05 DEBUG    [VWAPCalc] 2025-04-15  VWAP=1241.89  SD=2.4829
02:21:05 DEBUG    [VWAPCalc] 2025-04-15  VWAP=1241.87  SD=2.4760
02:21:05 DEBUG    [VWAPCalc] 2025-04-15  VWAP=1241.84  SD=2.4776
02:21:05 DEBUG    [VWAPCalc] 2025-04-15  VWAP=1241.81  SD=2.4759
02:21:05 DEBUG    [VWAPCalc] 2025-04-15  VWAP=1241.79  SD=2.4740
02:21:05 DEBUG    [VWAPCalc] 2025-04-15  VWAP=1241.78  SD=2.4727
02:21:05 DEBUG    [VWAPCalc] 2025-04-15  VWAP=1241.75  SD=2.4740
02:21:05 DEBUG    [VWAPCalc] 2025-04-15  VWAP=1241.72  SD=2.4802
02:21:05 DEBUG    [VWAPCalc] 2025-04-15  VWAP=1241.71  SD=2.4821
02:21:05 DEBUG    [VWAPCalc] 2025-04-15  VWAP=1241.67  SD=2.4846
02:21:05 DEBUG    [VWAPCalc] 2025-04-15  VWAP=1241.65  SD=2.4803
02:21:05 DEBUG    [VWAPCalc] 2025-04-15  VWAP=1241.63  SD=2.4541
02:21:05 DEBUG    [VWAPCalc] 2025-04-15  VWAP=1241.62  SD=2.4401
02:21:05 DEBUG    [VWAPCalc] 2025-04-15  VWAP=1241.63  SD=2.4208
02:21:05 DEBUG    [VWAPCalc] 2025-04-15  VWAP=1241.65  SD=2.4049
02:21:05 DEBUG    [VWAPCalc] 2025-04-15  VWAP=1241.67  SD=2.3596
02:21:05 DEBUG    [VWAPCalc] 2025-04-15  VWAP=1241.69  SD=2.3429
02:21:05 DEBUG    [VWAPCalc] 2025-04-15  VWAP=1241.71  SD=2.3228
02:21:05 DEBUG    [VWAPCalc] 2025-04-15  VWAP=1241.74  SD=2.3157
02:21:05 DEBUG    [VWAPCalc] 2025-04-15  VWAP=1241.77  SD=2.2986
02:21:05 DEBUG    [VWAPCalc] 2025-04-15  VWAP=1241.78  SD=2.2849
02:21:05 DEBUG    [VWAPCalc] 2025-04-15  VWAP=1241.79  SD=2.2758
02:21:05 DEBUG    [VWAPCalc] 2025-04-15  VWAP=1241.81  SD=2.2617
02:21:05 DEBUG    [VWAPCalc] 2025-04-15  VWAP=1241.82  SD=2.2502
02:21:05 DEBUG    [VWAPCalc] 2025-04-15  VWAP=1241.84  SD=2.2388
02:21:05 DEBUG    [VWAPCalc] 2025-04-15  VWAP=1241.86  SD=2.2104
02:21:05 DEBUG    [VWAPCalc] 2025-04-15  VWAP=1241.86  SD=2.1966
02:21:05 DEBUG    [VWAPCalc] 2025-04-15  VWAP=1241.87  SD=2.1855
02:21:05 DEBUG    [VWAPCalc] 2025-04-15  VWAP=1241.89  SD=2.1781
02:21:05 DEBUG    [VWAPCalc] 2025-04-15  VWAP=1241.89  SD=2.1506
02:21:05 DEBUG    [VWAPCalc] 2025-04-15  VWAP=1241.87  SD=2.1317
02:21:05 DEBUG    [VWAPCalc] 2025-04-15  VWAP=1241.86  SD=2.0926
02:21:05 DEBUG    [VWAPCalc] 2025-04-15  VWAP=1241.86  SD=2.0856
02:21:05 DEBUG    [VWAPCalc] 2025-04-15  VWAP=1241.86  SD=2.0751
02:21:05 DEBUG    [VWAPCalc] 2025-04-15  VWAP=1241.86  SD=2.0544
02:21:05 DEBUG    [VWAPCalc] 2025-04-15  VWAP=1241.86  SD=2.0485
02:21:05 DEBUG    [VWAPCalc] 2025-04-15  VWAP=1241.87  SD=2.0419
02:21:05 DEBUG    [VWAPCalc] 2025-04-15  VWAP=1241.87  SD=2.0306
02:21:05 DEBUG    [VWAPCalc] 2025-04-15  VWAP=1241.89  SD=2.0226
02:21:05 DEBUG    [VWAPCalc] 2025-04-15  VWAP=1241.90  SD=2.0113
02:21:05 DEBUG    [VWAPCalc] 2025-04-15  VWAP=1241.91  SD=1.9956
02:21:05 DEBUG    [VWAPCalc] 2025-04-15  VWAP=1241.91  SD=1.9871
02:21:05 DEBUG    [VWAPCalc] 2025-04-15  VWAP=1241.92  SD=1.9750
02:21:05 DEBUG    [VWAPCalc] 2025-04-15  VWAP=1241.93  SD=1.9606
02:21:05 DEBUG    [VWAPCalc] 2025-04-15  VWAP=1241.94  SD=1.9506
02:21:05 DEBUG    [VWAPCalc] 2025-04-15  VWAP=1241.95  SD=1.9383
02:21:05 DEBUG    [VWAPCalc] 2025-04-15  VWAP=1241.95  SD=1.9223
02:21:05 DEBUG    [VWAPCalc] 2025-04-15  VWAP=1241.95  SD=1.9134
02:21:05 DEBUG    [VWAPCalc] 2025-04-15  VWAP=1241.96  SD=1.9043
02:21:05 DEBUG    [VWAPCalc] 2025-04-15  VWAP=1241.97  SD=1.8971
02:21:05 DEBUG    [VWAPCalc] 2025-04-15  VWAP=1241.98  SD=1.8854
02:21:05 DEBUG    [VWAPCalc] 2025-04-15  VWAP=1242.01  SD=1.8762
02:21:05 DEBUG    [VWAPCalc] 2025-04-15  VWAP=1242.02  SD=1.8585
02:21:05 DEBUG    [VWAPCalc] 2025-04-15  VWAP=1242.03  SD=1.8466
02:21:05 DEBUG    [VWAPCalc] 2025-04-15  VWAP=1242.04  SD=1.8373
02:21:05 DEBUG    [VWAPCalc] 2025-04-15  VWAP=1242.05  SD=1.8154
02:21:05 DEBUG    [VWAPCalc] 2025-04-15  VWAP=1242.05  SD=1.8061
02:21:05 DEBUG    [VWAPCalc] 2025-04-15  VWAP=1242.04  SD=1.7976
02:21:05 DEBUG    [VWAPCalc] 2025-04-15  VWAP=1242.02  SD=1.7839
02:21:05 DEBUG    [VWAPCalc] 2025-04-15  VWAP=1242.01  SD=1.7790
02:21:05 DEBUG    [VWAPCalc] 2025-04-15  VWAP=1241.97  SD=1.7930
02:21:05 DEBUG    [VWAPCalc] 2025-04-15  VWAP=1241.94  SD=1.8034
02:21:05 DEBUG    [VWAPCalc] 2025-04-15  VWAP=1241.92  SD=1.8066
02:21:05 DEBUG    [VWAPCalc] 2025-04-15  VWAP=1241.91  SD=1.8082
02:21:05 DEBUG    [VWAPCalc] 2025-04-15  VWAP=1241.89  SD=1.8060
02:21:05 DEBUG    [VWAPCalc] 2025-04-15  VWAP=1241.86  SD=1.8065
02:21:05 DEBUG    [VWAPCalc] 2025-04-15  VWAP=1241.82  SD=1.8141
02:21:05 DEBUG    [VWAPCalc] 2025-04-15  VWAP=1241.74  SD=1.8044
02:21:05 DEBUG    [VWAPCalc] 2025-04-15  VWAP=1241.67  SD=1.8007
02:21:05 DEBUG    [VWAPCalc] 2025-04-15  VWAP=1241.61  SD=1.7758
02:21:05 DEBUG    [VWAPCalc] 2025-04-15  VWAP=1241.54  SD=1.7581
02:21:05 DEBUG    [VWAPCalc] 2025-04-15  VWAP=1241.46  SD=1.7654
02:21:05 DEBUG    [VWAPCalc] 2025-04-15  VWAP=1241.36  SD=1.7801
02:21:05 DEBUG    [VWAPCalc] 2025-04-15  VWAP=1241.31  SD=1.7693
02:21:05 DEBUG    [VWAPCalc] 2025-04-15  VWAP=1241.28  SD=1.7308
02:21:05 DEBUG    [VWAPCalc] 2025-04-15  VWAP=1241.27  SD=1.6938
02:21:05 DEBUG    [VWAPCalc] 2025-04-15  VWAP=1241.24  SD=1.6868
02:21:05 DEBUG    [VWAPCalc] 2025-04-15  VWAP=1241.06  SD=2.0009
02:21:05 DEBUG    [VWAPCalc] 2025-04-15  VWAP=1241.00  SD=2.1018
02:21:05 DEBUG    [VWAPCalc] 2025-04-15  VWAP=1240.93  SD=2.1928
02:21:05 DEBUG    [VWAPCalc] 2025-04-15  VWAP=1240.83  SD=2.3344
02:21:05 DEBUG    [VWAPCalc] 2025-04-15  VWAP=1240.77  SD=2.4196
02:21:05 DEBUG    [VWAPCalc] 2025-04-16  VWAP=1233.57  SD=0.0000
02:21:05 DEBUG    [VWAPCalc] 2025-04-16  VWAP=1232.72  SD=1.0023
02:21:05 DEBUG    [VWAPCalc] 2025-04-16  VWAP=1232.56  SD=0.9638
02:21:05 DEBUG    [VWAPCalc] 2025-04-16  VWAP=1232.48  SD=0.9072
02:21:05 DEBUG    [VWAPCalc] 2025-04-16  VWAP=1232.45  SD=0.8584
02:21:05 DEBUG    [VWAPCalc] 2025-04-16  VWAP=1232.44  SD=0.8154
02:21:05 DEBUG    [VWAPCalc] 2025-04-16  VWAP=1232.37  SD=0.8117
02:21:05 DEBUG    [VWAPCalc] 2025-04-16  VWAP=1232.35  SD=0.7922
02:21:05 DEBUG    [VWAPCalc] 2025-04-16  VWAP=1232.34  SD=0.7660
02:21:05 DEBUG    [VWAPCalc] 2025-04-16  VWAP=1232.33  SD=0.7380
02:21:05 DEBUG    [VWAPCalc] 2025-04-16  VWAP=1232.31  SD=0.7128
02:21:05 DEBUG    [VWAPCalc] 2025-04-16  VWAP=1232.32  SD=0.6991
02:21:05 DEBUG    [VWAPCalc] 2025-04-16  VWAP=1232.32  SD=0.6445
02:21:05 DEBUG    [VWAPCalc] 2025-04-16  VWAP=1232.42  SD=0.7220
02:21:05 DEBUG    [VWAPCalc] 2025-04-16  VWAP=1232.52  SD=0.8240
02:21:05 DEBUG    [VWAPCalc] 2025-04-16  VWAP=1232.58  SD=0.8321
02:21:05 DEBUG    [VWAPCalc] 2025-04-16  VWAP=1232.62  SD=0.8148
02:21:05 DEBUG    [VWAPCalc] 2025-04-16  VWAP=1232.68  SD=0.7870
02:21:05 DEBUG    [VWAPCalc] 2025-04-16  VWAP=1232.69  SD=0.7762
02:21:05 DEBUG    [VWAPCalc] 2025-04-16  VWAP=1232.73  SD=0.7838
02:21:05 DEBUG    [VWAPCalc] 2025-04-16  VWAP=1232.84  SD=0.8694
02:21:05 DEBUG    [VWAPCalc] 2025-04-16  VWAP=1232.92  SD=0.9013
02:21:05 DEBUG    [VWAPCalc] 2025-04-16  VWAP=1232.94  SD=0.8763
02:21:05 DEBUG    [VWAPCalc] 2025-04-16  VWAP=1232.89  SD=0.8765
02:21:05 DEBUG    [VWAPCalc] 2025-04-16  VWAP=1232.87  SD=0.8792
02:21:05 DEBUG    [VWAPCalc] 2025-04-16  VWAP=1232.76  SD=0.9195
02:21:05 DEBUG    [VWAPCalc] 2025-04-16  VWAP=1232.69  SD=0.9771
02:21:05 DEBUG    [VWAPCalc] 2025-04-16  VWAP=1232.49  SD=1.2096
02:21:05 DEBUG    [VWAPCalc] 2025-04-16  VWAP=1232.40  SD=1.2371
02:21:05 DEBUG    [VWAPCalc] 2025-04-16  VWAP=1232.36  SD=1.2448
02:21:05 DEBUG    [VWAPCalc] 2025-04-16  VWAP=1232.30  SD=1.2717
02:21:05 DEBUG    [VWAPCalc] 2025-04-16  VWAP=1232.26  SD=1.2900
02:21:05 DEBUG    [VWAPCalc] 2025-04-16  VWAP=1232.25  SD=1.2852
02:21:05 DEBUG    [VWAPCalc] 2025-04-16  VWAP=1232.26  SD=1.2686
02:21:05 DEBUG    [VWAPCalc] 2025-04-16  VWAP=1232.28  SD=1.2619
02:21:05 DEBUG    [VWAPCalc] 2025-04-16  VWAP=1232.34  SD=1.2773
02:21:05 DEBUG    [VWAPCalc] 2025-04-16  VWAP=1232.37  SD=1.2905
02:21:05 DEBUG    [VWAPCalc] 2025-04-16  VWAP=1232.40  SD=1.2980
02:21:05 DEBUG    [VWAPCalc] 2025-04-16  VWAP=1232.41  SD=1.3042
02:21:05 DEBUG    [VWAPCalc] 2025-04-16  VWAP=1232.44  SD=1.3147
02:21:05 DEBUG    [VWAPCalc] 2025-04-16  VWAP=1232.46  SD=1.3210
02:21:05 DEBUG    [VWAPCalc] 2025-04-16  VWAP=1232.47  SD=1.3202
02:21:05 DEBUG    [VWAPCalc] 2025-04-16  VWAP=1232.47  SD=1.3156
02:21:05 DEBUG    [VWAPCalc] 2025-04-16  VWAP=1232.47  SD=1.3093
02:21:05 DEBUG    [VWAPCalc] 2025-04-16  VWAP=1232.48  SD=1.3073
02:21:05 DEBUG    [VWAPCalc] 2025-04-16  VWAP=1232.50  SD=1.3136
02:21:05 DEBUG    [VWAPCalc] 2025-04-16  VWAP=1232.51  SD=1.3167
02:21:05 DEBUG    [VWAPCalc] 2025-04-16  VWAP=1232.52  SD=1.3181
02:21:05 DEBUG    [VWAPCalc] 2025-04-16  VWAP=1232.55  SD=1.3288
02:21:05 DEBUG    [VWAPCalc] 2025-04-16  VWAP=1232.57  SD=1.3289
02:21:05 DEBUG    [VWAPCalc] 2025-04-16  VWAP=1232.58  SD=1.3278
02:21:05 DEBUG    [VWAPCalc] 2025-04-16  VWAP=1232.61  SD=1.3474
02:21:05 DEBUG    [VWAPCalc] 2025-04-16  VWAP=1232.66  SD=1.3830
02:21:05 DEBUG    [VWAPCalc] 2025-04-16  VWAP=1232.72  SD=1.4354
02:21:05 DEBUG    [VWAPCalc] 2025-04-16  VWAP=1232.74  SD=1.4515
02:21:05 DEBUG    [VWAPCalc] 2025-04-16  VWAP=1232.77  SD=1.4752
02:21:05 DEBUG    [VWAPCalc] 2025-04-16  VWAP=1232.88  SD=1.5514
02:21:05 DEBUG    [VWAPCalc] 2025-04-16  VWAP=1232.91  SD=1.5755
02:21:05 DEBUG    [VWAPCalc] 2025-04-16  VWAP=1232.99  SD=1.6471
02:21:05 DEBUG    [VWAPCalc] 2025-04-16  VWAP=1233.04  SD=1.6868
02:21:05 DEBUG    [VWAPCalc] 2025-04-16  VWAP=1233.06  SD=1.6932
02:21:05 DEBUG    [VWAPCalc] 2025-04-16  VWAP=1233.08  SD=1.6983
02:21:05 DEBUG    [VWAPCalc] 2025-04-16  VWAP=1233.10  SD=1.7088
02:21:05 DEBUG    [VWAPCalc] 2025-04-16  VWAP=1233.15  SD=1.7333
02:21:05 DEBUG    [VWAPCalc] 2025-04-16  VWAP=1233.17  SD=1.7496
02:21:05 DEBUG    [VWAPCalc] 2025-04-16  VWAP=1233.19  SD=1.7660
02:21:05 DEBUG    [VWAPCalc] 2025-04-16  VWAP=1233.21  SD=1.7744
02:21:05 DEBUG    [VWAPCalc] 2025-04-16  VWAP=1233.25  SD=1.7873
02:21:05 DEBUG    [VWAPCalc] 2025-04-16  VWAP=1233.33  SD=1.8094
02:21:05 DEBUG    [VWAPCalc] 2025-04-16  VWAP=1233.35  SD=1.8130
02:21:05 DEBUG    [VWAPCalc] 2025-04-16  VWAP=1233.37  SD=1.8157
02:21:05 DEBUG    [VWAPCalc] 2025-04-16  VWAP=1233.38  SD=1.8194
02:21:05 DEBUG    [VWAPCalc] 2025-04-16  VWAP=1233.41  SD=1.8215
02:21:05 DEBUG    [VWAPCalc] 2025-04-16  VWAP=1233.43  SD=1.8214
02:21:05 DEBUG    [VWAPCalc] 2025-04-16  VWAP=1233.50  SD=1.8565
02:21:05 DEBUG    [VWAPCalc] 2025-04-16  VWAP=1233.52  SD=1.8584
02:21:05 DEBUG    [VWAPCalc] 2025-04-16  VWAP=1233.53  SD=1.8485
02:21:05 DEBUG    [VWAPCalc] 2025-04-16  VWAP=1233.54  SD=1.8331
02:21:05 DEBUG    [VWAPCalc] 2025-04-16  VWAP=1233.53  SD=1.8244
02:21:05 DEBUG    [VWAPCalc] 2025-04-16  VWAP=1233.52  SD=1.8183
02:21:05 DEBUG    [VWAPCalc] 2025-04-16  VWAP=1233.50  SD=1.8209
02:21:05 DEBUG    [VWAPCalc] 2025-04-16  VWAP=1233.48  SD=1.8283
02:21:05 DEBUG    [VWAPCalc] 2025-04-16  VWAP=1233.46  SD=1.8297
02:21:05 DEBUG    [VWAPCalc] 2025-04-16  VWAP=1233.44  SD=1.8312
02:21:05 DEBUG    [VWAPCalc] 2025-04-16  VWAP=1233.43  SD=1.8349
02:21:05 DEBUG    [VWAPCalc] 2025-04-16  VWAP=1233.41  SD=1.8389
02:21:05 DEBUG    [VWAPCalc] 2025-04-16  VWAP=1233.38  SD=1.8462
02:21:05 DEBUG    [VWAPCalc] 2025-04-16  VWAP=1233.35  SD=1.8460
02:21:05 DEBUG    [VWAPCalc] 2025-04-16  VWAP=1233.35  SD=1.8382
02:21:05 DEBUG    [VWAPCalc] 2025-04-16  VWAP=1233.40  SD=1.8462
02:21:05 DEBUG    [VWAPCalc] 2025-04-16  VWAP=1233.48  SD=1.9128
02:21:05 DEBUG    [VWAPCalc] 2025-04-16  VWAP=1233.51  SD=1.9307
02:21:05 DEBUG    [VWAPCalc] 2025-04-16  VWAP=1233.55  SD=1.9543
02:21:05 DEBUG    [VWAPCalc] 2025-04-16  VWAP=1233.58  SD=1.9702
02:21:05 DEBUG    [VWAPCalc] 2025-04-16  VWAP=1233.61  SD=1.9980
02:21:05 DEBUG    [VWAPCalc] 2025-04-16  VWAP=1233.63  SD=2.0126
02:21:05 DEBUG    [VWAPCalc] 2025-04-16  VWAP=1233.65  SD=2.0247
02:21:05 DEBUG    [VWAPCalc] 2025-04-16  VWAP=1233.70  SD=2.0606
02:21:05 DEBUG    [VWAPCalc] 2025-04-16  VWAP=1233.78  SD=2.1394
02:21:05 DEBUG    [VWAPCalc] 2025-04-16  VWAP=1233.87  SD=2.2391
02:21:05 DEBUG    [VWAPCalc] 2025-04-16  VWAP=1233.89  SD=2.2627
02:21:05 DEBUG    [VWAPCalc] 2025-04-16  VWAP=1233.93  SD=2.2840
02:21:05 DEBUG    [VWAPCalc] 2025-04-16  VWAP=1233.96  SD=2.2987
02:21:05 DEBUG    [VWAPCalc] 2025-04-16  VWAP=1233.97  SD=2.3069
02:21:05 DEBUG    [VWAPCalc] 2025-04-16  VWAP=1234.00  SD=2.3240
02:21:05 DEBUG    [VWAPCalc] 2025-04-16  VWAP=1234.03  SD=2.3347
02:21:05 DEBUG    [VWAPCalc] 2025-04-16  VWAP=1234.07  SD=2.3504
02:21:05 DEBUG    [VWAPCalc] 2025-04-16  VWAP=1234.12  SD=2.3852
02:21:05 DEBUG    [VWAPCalc] 2025-04-16  VWAP=1234.16  SD=2.4123
02:21:05 DEBUG    [VWAPCalc] 2025-04-16  VWAP=1234.27  SD=2.5111
02:21:05 DEBUG    [VWAPCalc] 2025-04-16  VWAP=1234.52  SD=2.7447
02:21:05 DEBUG    [VWAPCalc] 2025-04-16  VWAP=1234.71  SD=2.9038
02:21:05 DEBUG    [VWAPCalc] 2025-04-16  VWAP=1234.95  SD=3.0683
02:21:05 DEBUG    [VWAPCalc] 2025-04-16  VWAP=1235.21  SD=3.1741
02:21:05 DEBUG    [VWAPCalc] 2025-04-16  VWAP=1235.36  SD=3.1557
02:21:05 DEBUG    [VWAPCalc] 2025-04-16  VWAP=1235.42  SD=3.1385
02:21:05 DEBUG    [VWAPCalc] 2025-04-16  VWAP=1235.51  SD=3.1375
02:21:05 DEBUG    [VWAPCalc] 2025-04-16  VWAP=1235.60  SD=3.1483
02:21:05 DEBUG    [VWAPCalc] 2025-04-16  VWAP=1235.67  SD=3.1433
02:21:05 DEBUG    [VWAPCalc] 2025-04-16  VWAP=1235.71  SD=3.1247
02:21:05 DEBUG    [VWAPCalc] 2025-04-16  VWAP=1235.71  SD=3.0335
02:21:05 DEBUG    [VWAPCalc] 2025-04-16  VWAP=1235.66  SD=3.0230
02:21:05 DEBUG    [VWAPCalc] 2025-04-16  VWAP=1235.51  SD=3.1212
02:21:05 DEBUG    [VWAPCalc] 2025-04-16  VWAP=1235.44  SD=3.1694
02:21:05 DEBUG    [VWAPCalc] 2025-04-16  VWAP=1235.33  SD=3.2580
02:21:05 DEBUG    [VWAPCalc] 2025-04-17  VWAP=1229.40  SD=0.0000
02:21:05 DEBUG    [VWAPCalc] 2025-04-17  VWAP=1229.51  SD=0.1166
02:21:05 DEBUG    [VWAPCalc] 2025-04-17  VWAP=1229.78  SD=0.4498
02:21:05 DEBUG    [VWAPCalc] 2025-04-17  VWAP=1230.01  SD=0.6375
02:21:05 DEBUG    [VWAPCalc] 2025-04-17  VWAP=1230.29  SD=0.9113
02:21:05 DEBUG    [VWAPCalc] 2025-04-17  VWAP=1230.63  SD=1.1441
02:21:05 DEBUG    [VWAPCalc] 2025-04-17  VWAP=1230.78  SD=1.1956
02:21:05 DEBUG    [VWAPCalc] 2025-04-17  VWAP=1230.89  SD=1.2423
02:21:05 DEBUG    [VWAPCalc] 2025-04-17  VWAP=1230.94  SD=1.2169
02:21:05 DEBUG    [VWAPCalc] 2025-04-17  VWAP=1230.95  SD=1.1874
02:21:05 DEBUG    [VWAPCalc] 2025-04-17  VWAP=1230.95  SD=1.1672
02:21:05 DEBUG    [VWAPCalc] 2025-04-17  VWAP=1230.96  SD=1.1373
02:21:05 DEBUG    [VWAPCalc] 2025-04-17  VWAP=1230.93  SD=1.1066
02:21:05 DEBUG    [VWAPCalc] 2025-04-17  VWAP=1230.65  SD=1.2455
02:21:05 DEBUG    [VWAPCalc] 2025-04-17  VWAP=1230.58  SD=1.2355
02:21:05 DEBUG    [VWAPCalc] 2025-04-17  VWAP=1230.56  SD=1.2078
02:21:05 DEBUG    [VWAPCalc] 2025-04-17  VWAP=1230.52  SD=1.1791
02:21:05 DEBUG    [VWAPCalc] 2025-04-17  VWAP=1230.51  SD=1.1450
02:21:05 DEBUG    [VWAPCalc] 2025-04-17  VWAP=1230.55  SD=1.1380
02:21:05 DEBUG    [VWAPCalc] 2025-04-17  VWAP=1230.60  SD=1.1503
02:21:05 DEBUG    [VWAPCalc] 2025-04-17  VWAP=1230.76  SD=1.2745
02:21:05 DEBUG    [VWAPCalc] 2025-04-17  VWAP=1230.85  SD=1.3406
02:21:05 DEBUG    [VWAPCalc] 2025-04-17  VWAP=1230.90  SD=1.3630
02:21:05 DEBUG    [VWAPCalc] 2025-04-17  VWAP=1231.00  SD=1.4383
02:21:05 DEBUG    [VWAPCalc] 2025-04-17  VWAP=1231.19  SD=1.6225
02:21:05 DEBUG    [VWAPCalc] 2025-04-17  VWAP=1231.34  SD=1.7741
02:21:05 DEBUG    [VWAPCalc] 2025-04-17  VWAP=1231.74  SD=2.2221
02:21:05 DEBUG    [VWAPCalc] 2025-04-17  VWAP=1232.09  SD=2.5702
02:21:05 DEBUG    [VWAPCalc] 2025-04-17  VWAP=1232.50  SD=2.9128
02:21:05 DEBUG    [VWAPCalc] 2025-04-17  VWAP=1232.70  SD=3.0127
02:21:05 DEBUG    [VWAPCalc] 2025-04-17  VWAP=1233.22  SD=3.2487
02:21:05 DEBUG    [VWAPCalc] 2025-04-17  VWAP=1233.49  SD=3.3299
02:21:05 DEBUG    [VWAPCalc] 2025-04-17  VWAP=1233.65  SD=3.4202
02:21:05 DEBUG    [VWAPCalc] 2025-04-17  VWAP=1234.07  SD=3.7240
02:21:05 DEBUG    [VWAPCalc] 2025-04-17  VWAP=1234.36  SD=3.9277
02:21:05 DEBUG    [VWAPCalc] 2025-04-17  VWAP=1234.92  SD=4.4972
02:21:05 DEBUG    [VWAPCalc] 2025-04-17  VWAP=1235.23  SD=4.7949
02:21:05 DEBUG    [VWAPCalc] 2025-04-17  VWAP=1235.33  SD=4.8692
02:21:05 DEBUG    [VWAPCalc] 2025-04-17  VWAP=1235.47  SD=4.9645
02:21:05 DEBUG    [VWAPCalc] 2025-04-17  VWAP=1235.91  SD=5.3153
02:21:05 DEBUG    [VWAPCalc] 2025-04-17  VWAP=1236.35  SD=5.6584
02:21:05 DEBUG    [VWAPCalc] 2025-04-17  VWAP=1236.81  SD=6.0154
02:21:05 DEBUG    [VWAPCalc] 2025-04-17  VWAP=1237.54  SD=6.5471
02:21:05 DEBUG    [VWAPCalc] 2025-04-17  VWAP=1237.78  SD=6.7044
02:21:05 DEBUG    [VWAPCalc] 2025-04-17  VWAP=1238.64  SD=7.3047
02:21:05 DEBUG    [VWAPCalc] 2025-04-17  VWAP=1239.28  SD=7.7298
02:21:05 DEBUG    [VWAPCalc] 2025-04-17  VWAP=1239.80  SD=8.0673
02:21:05 DEBUG    [VWAPCalc] 2025-04-17  VWAP=1240.72  SD=8.6840
02:21:05 DEBUG    [VWAPCalc] 2025-04-17  VWAP=1241.24  SD=8.9386
02:21:05 DEBUG    [VWAPCalc] 2025-04-17  VWAP=1241.87  SD=9.2356
02:21:05 DEBUG    [VWAPCalc] 2025-04-17  VWAP=1242.26  SD=9.4065
02:21:05 DEBUG    [VWAPCalc] 2025-04-17  VWAP=1242.52  SD=9.5224
02:21:05 DEBUG    [VWAPCalc] 2025-04-17  VWAP=1242.92  SD=9.7189
02:21:05 DEBUG    [VWAPCalc] 2025-04-17  VWAP=1243.41  SD=9.9639
02:21:05 DEBUG    [VWAPCalc] 2025-04-17  VWAP=1243.72  SD=10.0973
02:21:05 DEBUG    [VWAPCalc] 2025-04-17  VWAP=1244.14  SD=10.2967
02:21:05 DEBUG    [VWAPCalc] 2025-04-17  VWAP=1244.42  SD=10.4230
02:21:05 DEBUG    [VWAPCalc] 2025-04-17  VWAP=1244.80  SD=10.5882
02:21:05 DEBUG    [VWAPCalc] 2025-04-17  VWAP=1245.00  SD=10.6718
02:21:05 DEBUG    [VWAPCalc] 2025-04-17  VWAP=1245.47  SD=10.8853
02:21:05 DEBUG    [VWAPCalc] 2025-04-17  VWAP=1245.88  SD=11.0827
02:21:05 DEBUG    [VWAPCalc] 2025-04-17  VWAP=1246.46  SD=11.3682
02:21:05 DEBUG    [VWAPCalc] 2025-04-17  VWAP=1246.71  SD=11.4555
02:21:05 DEBUG    [VWAPCalc] 2025-04-17  VWAP=1246.96  SD=11.5361
02:21:05 DEBUG    [VWAPCalc] 2025-04-17  VWAP=1247.16  SD=11.6035
02:21:05 DEBUG    [VWAPCalc] 2025-04-17  VWAP=1247.34  SD=11.6632
02:21:05 DEBUG    [VWAPCalc] 2025-04-17  VWAP=1247.53  SD=11.7296
02:21:05 DEBUG    [VWAPCalc] 2025-04-17  VWAP=1247.71  SD=11.7903
02:21:05 DEBUG    [VWAPCalc] 2025-04-17  VWAP=1247.81  SD=11.8183
02:21:05 DEBUG    [VWAPCalc] 2025-04-17  VWAP=1248.09  SD=11.8965
02:21:05 DEBUG    [VWAPCalc] 2025-04-17  VWAP=1248.20  SD=11.9241
02:21:05 DEBUG    [VWAPCalc] 2025-04-17  VWAP=1248.34  SD=11.9571
02:21:05 DEBUG    [VWAPCalc] 2025-04-17  VWAP=1248.50  SD=12.0040
02:21:05 DEBUG    [VWAPCalc] 2025-04-17  VWAP=1248.90  SD=12.1401
02:21:05 DEBUG    [VWAPCalc] 2025-04-17  VWAP=1249.27  SD=12.2813
02:21:05 DEBUG    [VWAPCalc] 2025-04-17  VWAP=1249.54  SD=12.3770
02:21:05 DEBUG    [VWAPCalc] 2025-04-17  VWAP=1249.73  SD=12.4396
02:21:05 DEBUG    [VWAPCalc] 2025-04-17  VWAP=1249.98  SD=12.5108
02:21:05 DEBUG    [VWAPCalc] 2025-04-17  VWAP=1250.09  SD=12.5434
02:21:05 DEBUG    [VWAPCalc] 2025-04-17  VWAP=1250.26  SD=12.5927
02:21:05 DEBUG    [VWAPCalc] 2025-04-17  VWAP=1250.79  SD=12.7558
02:21:05 DEBUG    [VWAPCalc] 2025-04-17  VWAP=1250.96  SD=12.8020
02:21:05 DEBUG    [VWAPCalc] 2025-04-17  VWAP=1251.20  SD=12.8721
02:21:05 DEBUG    [VWAPCalc] 2025-04-17  VWAP=1251.85  SD=13.0718
02:21:05 DEBUG    [VWAPCalc] 2025-04-17  VWAP=1252.09  SD=13.1466
02:21:05 DEBUG    [VWAPCalc] 2025-04-17  VWAP=1252.45  SD=13.2615
02:21:05 DEBUG    [VWAPCalc] 2025-04-17  VWAP=1254.07  SD=13.9939
02:21:05 DEBUG    [VWAPCalc] 2025-04-17  VWAP=1254.55  SD=14.1412
02:21:05 DEBUG    [VWAPCalc] 2025-04-17  VWAP=1254.75  SD=14.1920
02:21:05 DEBUG    [VWAPCalc] 2025-04-17  VWAP=1255.00  SD=14.2618
02:21:05 DEBUG    [VWAPCalc] 2025-04-17  VWAP=1255.31  SD=14.3667
02:21:05 DEBUG    [VWAPCalc] 2025-04-17  VWAP=1255.48  SD=14.4169
02:21:05 DEBUG    [VWAPCalc] 2025-04-17  VWAP=1255.74  SD=14.4998
02:21:05 DEBUG    [VWAPCalc] 2025-04-17  VWAP=1256.12  SD=14.6385
02:21:05 DEBUG    [VWAPCalc] 2025-04-17  VWAP=1256.49  SD=14.7442
02:21:05 DEBUG    [VWAPCalc] 2025-04-17  VWAP=1257.16  SD=14.8965
02:21:05 DEBUG    [VWAPCalc] 2025-04-17  VWAP=1257.39  SD=14.9359
02:21:05 DEBUG    [VWAPCalc] 2025-04-17  VWAP=1257.58  SD=14.9557
02:21:05 DEBUG    [VWAPCalc] 2025-04-17  VWAP=1257.80  SD=14.9914
02:21:05 DEBUG    [VWAPCalc] 2025-04-17  VWAP=1257.95  SD=15.0161
02:21:05 DEBUG    [VWAPCalc] 2025-04-17  VWAP=1258.06  SD=15.0349
02:21:05 DEBUG    [VWAPCalc] 2025-04-17  VWAP=1258.92  SD=15.2495
02:21:05 DEBUG    [VWAPCalc] 2025-04-17  VWAP=1259.20  SD=15.2908
02:21:05 DEBUG    [VWAPCalc] 2025-04-17  VWAP=1259.40  SD=15.3244
02:21:05 DEBUG    [VWAPCalc] 2025-04-17  VWAP=1259.54  SD=15.3462
02:21:05 DEBUG    [VWAPCalc] 2025-04-17  VWAP=1259.72  SD=15.3649
02:21:05 DEBUG    [VWAPCalc] 2025-04-17  VWAP=1259.85  SD=15.3806
02:21:05 DEBUG    [VWAPCalc] 2025-04-17  VWAP=1260.03  SD=15.3960
02:21:05 DEBUG    [VWAPCalc] 2025-04-17  VWAP=1260.19  SD=15.4101
02:21:05 DEBUG    [VWAPCalc] 2025-04-17  VWAP=1260.43  SD=15.4303
02:21:05 DEBUG    [VWAPCalc] 2025-04-17  VWAP=1260.76  SD=15.4240
02:21:05 DEBUG    [VWAPCalc] 2025-04-17  VWAP=1261.00  SD=15.4026
02:21:05 DEBUG    [VWAPCalc] 2025-04-17  VWAP=1261.22  SD=15.3730
02:21:05 DEBUG    [VWAPCalc] 2025-04-17  VWAP=1261.40  SD=15.3437
02:21:05 DEBUG    [VWAPCalc] 2025-04-17  VWAP=1261.62  SD=15.2859
02:21:05 DEBUG    [VWAPCalc] 2025-04-17  VWAP=1261.81  SD=15.2467
02:21:05 DEBUG    [VWAPCalc] 2025-04-17  VWAP=1262.02  SD=15.2050
02:21:05 DEBUG    [VWAPCalc] 2025-04-17  VWAP=1262.15  SD=15.1745
02:21:05 DEBUG    [VWAPCalc] 2025-04-17  VWAP=1262.33  SD=15.1352
02:21:05 DEBUG    [VWAPCalc] 2025-04-17  VWAP=1262.45  SD=15.0922
02:21:05 DEBUG    [VWAPCalc] 2025-04-14  VWAP=3290.00  SD=0.0000
02:21:05 DEBUG    [VWAPCalc] 2025-04-14  VWAP=3289.62  SD=0.7522
02:21:05 DEBUG    [VWAPCalc] 2025-04-14  VWAP=3289.91  SD=0.9463
02:21:05 DEBUG    [VWAPCalc] 2025-04-14  VWAP=3289.70  SD=1.1625
02:21:05 DEBUG    [VWAPCalc] 2025-04-14  VWAP=3289.46  SD=1.3485
02:21:05 DEBUG    [VWAPCalc] 2025-04-15  VWAP=3276.20  SD=0.0000
02:21:05 DEBUG    [VWAPCalc] 2025-04-15  VWAP=3274.65  SD=1.6155
02:21:05 DEBUG    [VWAPCalc] 2025-04-15  VWAP=3275.20  SD=1.5437
02:21:05 DEBUG    [VWAPCalc] 2025-04-15  VWAP=3275.75  SD=1.8470
02:21:05 DEBUG    [VWAPCalc] 2025-04-15  VWAP=3276.28  SD=2.1453
02:21:05 DEBUG    [VWAPCalc] 2025-04-15  VWAP=3276.64  SD=2.2209
02:21:05 DEBUG    [VWAPCalc] 2025-04-15  VWAP=3277.33  SD=2.3725
02:21:05 DEBUG    [VWAPCalc] 2025-04-15  VWAP=3277.42  SD=2.3282
02:21:05 DEBUG    [VWAPCalc] 2025-04-15  VWAP=3276.63  SD=2.8828
02:21:05 DEBUG    [VWAPCalc] 2025-04-15  VWAP=3275.58  SD=3.9630
02:21:05 DEBUG    [VWAPCalc] 2025-04-15  VWAP=3274.96  SD=4.4094
02:21:05 DEBUG    [VWAPCalc] 2025-04-15  VWAP=3273.17  SD=6.1508
02:21:05 DEBUG    [VWAPCalc] 2025-04-15  VWAP=3272.35  SD=6.9423
02:21:05 DEBUG    [VWAPCalc] 2025-04-15  VWAP=3270.80  SD=8.3976
02:21:05 DEBUG    [VWAPCalc] 2025-04-15  VWAP=3269.69  SD=9.3285
02:21:05 DEBUG    [VWAPCalc] 2025-04-15  VWAP=3268.70  SD=9.8538
02:21:05 DEBUG    [VWAPCalc] 2025-04-15  VWAP=3268.02  SD=10.0491
02:21:05 DEBUG    [VWAPCalc] 2025-04-15  VWAP=3267.53  SD=10.0594
02:21:05 DEBUG    [VWAPCalc] 2025-04-15  VWAP=3267.03  SD=9.9948
02:21:05 DEBUG    [VWAPCalc] 2025-04-15  VWAP=3266.71  SD=9.8980
02:21:05 DEBUG    [VWAPCalc] 2025-04-15  VWAP=3266.51  SD=9.8874
02:21:05 DEBUG    [VWAPCalc] 2025-04-15  VWAP=3266.06  SD=9.9664
02:21:05 DEBUG    [VWAPCalc] 2025-04-15  VWAP=3265.65  SD=10.0714
02:21:05 DEBUG    [VWAPCalc] 2025-04-15  VWAP=3265.33  SD=10.0437
02:21:05 DEBUG    [VWAPCalc] 2025-04-15  VWAP=3265.16  SD=10.0322
02:21:05 DEBUG    [VWAPCalc] 2025-04-15  VWAP=3264.97  SD=9.9590
02:21:05 DEBUG    [VWAPCalc] 2025-04-15  VWAP=3264.87  SD=9.8568
02:21:05 DEBUG    [VWAPCalc] 2025-04-15  VWAP=3264.77  SD=9.8157
02:21:05 DEBUG    [VWAPCalc] 2025-04-15  VWAP=3264.65  SD=9.7662
02:21:05 DEBUG    [VWAPCalc] 2025-04-15  VWAP=3264.48  SD=9.7437
02:21:05 DEBUG    [VWAPCalc] 2025-04-15  VWAP=3264.40  SD=9.7060
02:21:05 DEBUG    [VWAPCalc] 2025-04-15  VWAP=3264.28  SD=9.6720
02:21:05 DEBUG    [VWAPCalc] 2025-04-15  VWAP=3264.18  SD=9.6337
02:21:05 DEBUG    [VWAPCalc] 2025-04-15  VWAP=3264.06  SD=9.6364
02:21:05 DEBUG    [VWAPCalc] 2025-04-15  VWAP=3263.89  SD=9.6735
02:21:05 DEBUG    [VWAPCalc] 2025-04-15  VWAP=3263.49  SD=9.8246
02:21:05 DEBUG    [VWAPCalc] 2025-04-15  VWAP=3263.31  SD=9.8368
02:21:05 DEBUG    [VWAPCalc] 2025-04-15  VWAP=3263.16  SD=9.8312
02:21:05 DEBUG    [VWAPCalc] 2025-04-15  VWAP=3262.99  SD=9.8133
02:21:05 DEBUG    [VWAPCalc] 2025-04-15  VWAP=3262.83  SD=9.7819
02:21:05 DEBUG    [VWAPCalc] 2025-04-15  VWAP=3262.50  SD=9.8005
02:21:05 DEBUG    [VWAPCalc] 2025-04-15  VWAP=3262.36  SD=9.8166
02:21:05 DEBUG    [VWAPCalc] 2025-04-15  VWAP=3262.15  SD=9.8429
02:21:05 DEBUG    [VWAPCalc] 2025-04-15  VWAP=3261.88  SD=9.9055
02:21:05 DEBUG    [VWAPCalc] 2025-04-15  VWAP=3261.52  SD=10.0879
02:21:05 DEBUG    [VWAPCalc] 2025-04-15  VWAP=3261.16  SD=10.2725
02:21:05 DEBUG    [VWAPCalc] 2025-04-15  VWAP=3260.75  SD=10.4860
02:21:05 DEBUG    [VWAPCalc] 2025-04-15  VWAP=3260.17  SD=10.8290
02:21:05 DEBUG    [VWAPCalc] 2025-04-15  VWAP=3259.90  SD=10.9507
02:21:05 DEBUG    [VWAPCalc] 2025-04-15  VWAP=3259.62  SD=11.0939
02:21:05 DEBUG    [VWAPCalc] 2025-04-15  VWAP=3259.38  SD=11.1997
02:21:05 DEBUG    [VWAPCalc] 2025-04-15  VWAP=3259.19  SD=11.2705
02:21:05 DEBUG    [VWAPCalc] 2025-04-15  VWAP=3258.82  SD=11.2832
02:21:05 DEBUG    [VWAPCalc] 2025-04-15  VWAP=3258.69  SD=11.0842
02:21:05 DEBUG    [VWAPCalc] 2025-04-15  VWAP=3258.64  SD=11.0196
02:21:05 DEBUG    [VWAPCalc] 2025-04-15  VWAP=3258.58  SD=10.9662
02:21:05 DEBUG    [VWAPCalc] 2025-04-15  VWAP=3258.51  SD=10.7845
02:21:05 DEBUG    [VWAPCalc] 2025-04-15  VWAP=3258.46  SD=10.6620
02:21:05 DEBUG    [VWAPCalc] 2025-04-15  VWAP=3258.44  SD=10.5840
02:21:05 DEBUG    [VWAPCalc] 2025-04-15  VWAP=3258.45  SD=10.5270
02:21:05 DEBUG    [VWAPCalc] 2025-04-15  VWAP=3258.44  SD=10.4825
02:21:05 DEBUG    [VWAPCalc] 2025-04-15  VWAP=3258.44  SD=10.3554
02:21:05 DEBUG    [VWAPCalc] 2025-04-15  VWAP=3258.52  SD=10.2350
02:21:05 DEBUG    [VWAPCalc] 2025-04-15  VWAP=3258.54  SD=10.1779
02:21:05 DEBUG    [VWAPCalc] 2025-04-15  VWAP=3258.55  SD=10.0881
02:21:05 DEBUG    [VWAPCalc] 2025-04-15  VWAP=3258.59  SD=10.0234
02:21:05 DEBUG    [VWAPCalc] 2025-04-15  VWAP=3258.64  SD=9.9527
02:21:05 DEBUG    [VWAPCalc] 2025-04-15  VWAP=3258.64  SD=9.8967
02:21:05 DEBUG    [VWAPCalc] 2025-04-15  VWAP=3258.63  SD=9.8461
02:21:05 DEBUG    [VWAPCalc] 2025-04-15  VWAP=3258.62  SD=9.7863
02:21:05 DEBUG    [VWAPCalc] 2025-04-15  VWAP=3258.62  SD=9.7033
02:21:05 DEBUG    [VWAPCalc] 2025-04-15  VWAP=3258.62  SD=9.6488
02:21:05 DEBUG    [VWAPCalc] 2025-04-15  VWAP=3258.60  SD=9.6073
02:21:05 DEBUG    [VWAPCalc] 2025-04-15  VWAP=3258.59  SD=9.5781
02:21:05 DEBUG    [VWAPCalc] 2025-04-15  VWAP=3258.58  SD=9.5543
02:21:05 DEBUG    [VWAPCalc] 2025-04-15  VWAP=3258.57  SD=9.5361
02:21:05 DEBUG    [VWAPCalc] 2025-04-15  VWAP=3258.50  SD=9.4942
02:21:05 DEBUG    [VWAPCalc] 2025-04-15  VWAP=3258.45  SD=9.4689
02:21:05 DEBUG    [VWAPCalc] 2025-04-15  VWAP=3258.41  SD=9.4325
02:21:05 DEBUG    [VWAPCalc] 2025-04-15  VWAP=3258.40  SD=9.4157
02:21:05 DEBUG    [VWAPCalc] 2025-04-15  VWAP=3257.91  SD=9.1818
02:21:05 DEBUG    [VWAPCalc] 2025-04-15  VWAP=3257.88  SD=9.1664
02:21:05 DEBUG    [VWAPCalc] 2025-04-15  VWAP=3257.86  SD=9.1559
02:21:05 DEBUG    [VWAPCalc] 2025-04-15  VWAP=3257.82  SD=9.1475
02:21:05 DEBUG    [VWAPCalc] 2025-04-15  VWAP=3257.71  SD=9.1087
02:21:05 DEBUG    [VWAPCalc] 2025-04-15  VWAP=3257.59  SD=9.0645
02:21:05 DEBUG    [VWAPCalc] 2025-04-15  VWAP=3257.55  SD=9.0498
02:21:05 DEBUG    [VWAPCalc] 2025-04-15  VWAP=3257.49  SD=9.0370
02:21:05 DEBUG    [VWAPCalc] 2025-04-15  VWAP=3257.38  SD=9.0361
02:21:05 DEBUG    [VWAPCalc] 2025-04-15  VWAP=3257.31  SD=9.0403
02:21:05 DEBUG    [VWAPCalc] 2025-04-15  VWAP=3257.17  SD=9.0641
02:21:05 DEBUG    [VWAPCalc] 2025-04-15  VWAP=3257.03  SD=9.1111
02:21:05 DEBUG    [VWAPCalc] 2025-04-15  VWAP=3256.88  SD=9.1129
02:21:05 DEBUG    [VWAPCalc] 2025-04-15  VWAP=3256.67  SD=9.1359
02:21:05 DEBUG    [VWAPCalc] 2025-04-15  VWAP=3256.56  SD=9.1535
02:21:05 DEBUG    [VWAPCalc] 2025-04-15  VWAP=3256.47  SD=9.1349
02:21:05 DEBUG    [VWAPCalc] 2025-04-15  VWAP=3256.43  SD=9.1138
02:21:05 DEBUG    [VWAPCalc] 2025-04-15  VWAP=3256.36  SD=9.0328
02:21:05 DEBUG    [VWAPCalc] 2025-04-15  VWAP=3256.34  SD=9.0008
02:21:05 DEBUG    [VWAPCalc] 2025-04-15  VWAP=3256.29  SD=8.9362
02:21:05 DEBUG    [VWAPCalc] 2025-04-15  VWAP=3256.22  SD=8.9076
02:21:05 DEBUG    [VWAPCalc] 2025-04-15  VWAP=3256.17  SD=8.8946
02:21:05 DEBUG    [VWAPCalc] 2025-04-15  VWAP=3256.14  SD=8.8845
02:21:05 DEBUG    [VWAPCalc] 2025-04-15  VWAP=3256.05  SD=8.8510
02:21:05 DEBUG    [VWAPCalc] 2025-04-15  VWAP=3255.97  SD=8.8118
02:21:05 DEBUG    [VWAPCalc] 2025-04-15  VWAP=3255.92  SD=8.7990
02:21:05 DEBUG    [VWAPCalc] 2025-04-15  VWAP=3255.77  SD=8.7555
02:21:05 DEBUG    [VWAPCalc] 2025-04-15  VWAP=3255.51  SD=8.7851
02:21:05 DEBUG    [VWAPCalc] 2025-04-15  VWAP=3255.23  SD=8.8457
02:21:05 DEBUG    [VWAPCalc] 2025-04-15  VWAP=3255.09  SD=8.8790
02:21:05 DEBUG    [VWAPCalc] 2025-04-15  VWAP=3254.81  SD=8.9115
02:21:05 DEBUG    [VWAPCalc] 2025-04-15  VWAP=3254.56  SD=8.8995
02:21:05 DEBUG    [VWAPCalc] 2025-04-15  VWAP=3254.32  SD=8.8924
02:21:05 DEBUG    [VWAPCalc] 2025-04-15  VWAP=3254.01  SD=8.8211
02:21:05 DEBUG    [VWAPCalc] 2025-04-15  VWAP=3253.83  SD=8.7576
02:21:05 DEBUG    [VWAPCalc] 2025-04-15  VWAP=3253.66  SD=8.6145
02:21:05 DEBUG    [VWAPCalc] 2025-04-15  VWAP=3253.51  SD=8.4788
02:21:05 DEBUG    [VWAPCalc] 2025-04-15  VWAP=3253.39  SD=8.3959
02:21:05 DEBUG    [VWAPCalc] 2025-04-15  VWAP=3253.32  SD=8.3174
02:21:05 DEBUG    [VWAPCalc] 2025-04-15  VWAP=3253.32  SD=8.2587
02:21:05 DEBUG    [VWAPCalc] 2025-04-15  VWAP=3253.09  SD=8.2573
02:21:05 DEBUG    [VWAPCalc] 2025-04-15  VWAP=3253.04  SD=8.2192
02:21:05 DEBUG    [VWAPCalc] 2025-04-15  VWAP=3253.03  SD=8.1964
02:21:05 DEBUG    [VWAPCalc] 2025-04-15  VWAP=3253.06  SD=8.1731
02:21:05 DEBUG    [VWAPCalc] 2025-04-15  VWAP=3253.17  SD=8.2057
02:21:05 DEBUG    [VWAPCalc] 2025-04-16  VWAP=3267.63  SD=0.0000
02:21:05 DEBUG    [VWAPCalc] 2025-04-16  VWAP=3266.16  SD=0.7600
02:21:05 DEBUG    [VWAPCalc] 2025-04-16  VWAP=3266.79  SD=0.9287
02:21:05 DEBUG    [VWAPCalc] 2025-04-16  VWAP=3265.97  SD=2.4926
02:21:05 DEBUG    [VWAPCalc] 2025-04-16  VWAP=3265.17  SD=3.3071
02:21:05 DEBUG    [VWAPCalc] 2025-04-16  VWAP=3264.27  SD=4.4096
02:21:05 DEBUG    [VWAPCalc] 2025-04-16  VWAP=3262.84  SD=6.1802
02:21:05 DEBUG    [VWAPCalc] 2025-04-16  VWAP=3262.03  SD=6.7704
02:21:05 DEBUG    [VWAPCalc] 2025-04-16  VWAP=3261.38  SD=7.2055
02:21:05 DEBUG    [VWAPCalc] 2025-04-16  VWAP=3260.60  SD=7.7286
02:21:05 DEBUG    [VWAPCalc] 2025-04-16  VWAP=3260.27  SD=7.8957
02:21:05 DEBUG    [VWAPCalc] 2025-04-16  VWAP=3259.84  SD=8.1555
02:21:05 DEBUG    [VWAPCalc] 2025-04-16  VWAP=3259.25  SD=8.5061
02:21:05 DEBUG    [VWAPCalc] 2025-04-16  VWAP=3258.72  SD=8.7260
02:21:05 DEBUG    [VWAPCalc] 2025-04-16  VWAP=3258.41  SD=8.8537
02:21:05 DEBUG    [VWAPCalc] 2025-04-16  VWAP=3257.65  SD=9.2865
02:21:05 DEBUG    [VWAPCalc] 2025-04-16  VWAP=3257.16  SD=9.5073
02:21:05 DEBUG    [VWAPCalc] 2025-04-16  VWAP=3256.46  SD=9.8378
02:21:05 DEBUG    [VWAPCalc] 2025-04-16  VWAP=3256.05  SD=10.0082
02:21:05 DEBUG    [VWAPCalc] 2025-04-16  VWAP=3255.71  SD=10.1160
02:21:05 DEBUG    [VWAPCalc] 2025-04-16  VWAP=3254.91  SD=10.3925
02:21:05 DEBUG    [VWAPCalc] 2025-04-16  VWAP=3254.58  SD=10.4792
02:21:05 DEBUG    [VWAPCalc] 2025-04-16  VWAP=3254.08  SD=10.5973
02:21:05 DEBUG    [VWAPCalc] 2025-04-16  VWAP=3253.82  SD=10.5630
02:21:05 DEBUG    [VWAPCalc] 2025-04-16  VWAP=3253.68  SD=10.5256
02:21:05 DEBUG    [VWAPCalc] 2025-04-16  VWAP=3253.62  SD=10.5087
02:21:05 DEBUG    [VWAPCalc] 2025-04-16  VWAP=3253.44  SD=10.4200
02:21:05 DEBUG    [VWAPCalc] 2025-04-16  VWAP=3253.31  SD=10.2983
02:21:05 DEBUG    [VWAPCalc] 2025-04-16  VWAP=3253.21  SD=10.2570
02:21:05 DEBUG    [VWAPCalc] 2025-04-16  VWAP=3253.07  SD=10.2063
02:21:05 DEBUG    [VWAPCalc] 2025-04-16  VWAP=3252.77  SD=10.1267
02:21:05 DEBUG    [VWAPCalc] 2025-04-16  VWAP=3252.35  SD=10.0846
02:21:05 DEBUG    [VWAPCalc] 2025-04-16  VWAP=3252.16  SD=10.0069
02:21:05 DEBUG    [VWAPCalc] 2025-04-16  VWAP=3252.05  SD=9.9185
02:21:05 DEBUG    [VWAPCalc] 2025-04-16  VWAP=3251.96  SD=9.8401
02:21:05 DEBUG    [VWAPCalc] 2025-04-16  VWAP=3251.88  SD=9.7381
02:21:05 DEBUG    [VWAPCalc] 2025-04-16  VWAP=3251.86  SD=9.6935
02:21:05 DEBUG    [VWAPCalc] 2025-04-16  VWAP=3251.81  SD=9.6128
02:21:05 DEBUG    [VWAPCalc] 2025-04-16  VWAP=3251.79  SD=9.5718
02:21:05 DEBUG    [VWAPCalc] 2025-04-16  VWAP=3251.79  SD=9.4933
02:21:05 DEBUG    [VWAPCalc] 2025-04-16  VWAP=3251.80  SD=9.1282
02:21:05 DEBUG    [VWAPCalc] 2025-04-16  VWAP=3251.82  SD=9.0861
02:21:05 DEBUG    [VWAPCalc] 2025-04-16  VWAP=3251.83  SD=9.0299
02:21:05 DEBUG    [VWAPCalc] 2025-04-16  VWAP=3251.83  SD=8.9945
02:21:05 DEBUG    [VWAPCalc] 2025-04-16  VWAP=3251.87  SD=8.9487
02:21:05 DEBUG    [VWAPCalc] 2025-04-16  VWAP=3252.01  SD=8.9146
02:21:05 DEBUG    [VWAPCalc] 2025-04-16  VWAP=3252.06  SD=8.8931
02:21:05 DEBUG    [VWAPCalc] 2025-04-16  VWAP=3252.09  SD=8.8727
02:21:05 DEBUG    [VWAPCalc] 2025-04-16  VWAP=3252.14  SD=8.8190
02:21:05 DEBUG    [VWAPCalc] 2025-04-16  VWAP=3252.17  SD=8.7857
02:21:05 DEBUG    [VWAPCalc] 2025-04-16  VWAP=3252.22  SD=8.7496
02:21:05 DEBUG    [VWAPCalc] 2025-04-16  VWAP=3252.29  SD=8.7219
02:21:05 DEBUG    [VWAPCalc] 2025-04-16  VWAP=3252.46  SD=8.7036
02:21:05 DEBUG    [VWAPCalc] 2025-04-16  VWAP=3252.55  SD=8.7124
02:21:05 DEBUG    [VWAPCalc] 2025-04-16  VWAP=3252.65  SD=8.7235
02:21:05 DEBUG    [VWAPCalc] 2025-04-16  VWAP=3252.84  SD=8.7615
02:21:05 DEBUG    [VWAPCalc] 2025-04-16  VWAP=3253.24  SD=8.8581
02:21:05 DEBUG    [VWAPCalc] 2025-04-16  VWAP=3253.72  SD=9.0627
02:21:05 DEBUG    [VWAPCalc] 2025-04-16  VWAP=3253.97  SD=9.1898
02:21:05 DEBUG    [VWAPCalc] 2025-04-16  VWAP=3254.15  SD=9.2518
02:21:05 DEBUG    [VWAPCalc] 2025-04-16  VWAP=3254.48  SD=9.3581
02:21:05 DEBUG    [VWAPCalc] 2025-04-16  VWAP=3254.56  SD=9.3733
02:21:05 DEBUG    [VWAPCalc] 2025-04-16  VWAP=3255.00  SD=9.5184
02:21:05 DEBUG    [VWAPCalc] 2025-04-16  VWAP=3255.08  SD=9.5368
02:21:05 DEBUG    [VWAPCalc] 2025-04-16  VWAP=3255.16  SD=9.5459
02:21:05 DEBUG    [VWAPCalc] 2025-04-16  VWAP=3255.31  SD=9.5424
02:21:05 DEBUG    [VWAPCalc] 2025-04-16  VWAP=3255.64  SD=9.5243
02:21:05 DEBUG    [VWAPCalc] 2025-04-16  VWAP=3255.75  SD=9.5248
02:21:05 DEBUG    [VWAPCalc] 2025-04-16  VWAP=3255.81  SD=9.5208
02:21:05 DEBUG    [VWAPCalc] 2025-04-16  VWAP=3255.90  SD=9.5157
02:21:05 DEBUG    [VWAPCalc] 2025-04-16  VWAP=3256.00  SD=9.4881
02:21:05 DEBUG    [VWAPCalc] 2025-04-16  VWAP=3256.13  SD=9.3972
02:21:05 DEBUG    [VWAPCalc] 2025-04-16  VWAP=3256.16  SD=9.3745
02:21:05 DEBUG    [VWAPCalc] 2025-04-16  VWAP=3256.24  SD=9.3200
02:21:05 DEBUG    [VWAPCalc] 2025-04-16  VWAP=3256.33  SD=9.3039
02:21:05 DEBUG    [VWAPCalc] 2025-04-16  VWAP=3256.52  SD=9.2628
02:21:05 DEBUG    [VWAPCalc] 2025-04-16  VWAP=3256.56  SD=9.2397
02:21:05 DEBUG    [VWAPCalc] 2025-04-16  VWAP=3256.59  SD=9.2077
02:21:05 DEBUG    [VWAPCalc] 2025-04-16  VWAP=3256.65  SD=9.1315
02:21:05 DEBUG    [VWAPCalc] 2025-04-16  VWAP=3256.76  SD=8.9655
02:21:05 DEBUG    [VWAPCalc] 2025-04-16  VWAP=3256.79  SD=8.9239
02:21:05 DEBUG    [VWAPCalc] 2025-04-16  VWAP=3256.81  SD=8.8615
02:21:05 DEBUG    [VWAPCalc] 2025-04-16  VWAP=3256.88  SD=8.7884
02:21:05 DEBUG    [VWAPCalc] 2025-04-16  VWAP=3256.88  SD=8.7736
02:21:05 DEBUG    [VWAPCalc] 2025-04-16  VWAP=3256.89  SD=8.7606
02:21:05 DEBUG    [VWAPCalc] 2025-04-16  VWAP=3256.90  SD=8.7341
02:21:05 DEBUG    [VWAPCalc] 2025-04-16  VWAP=3256.91  SD=8.7152
02:21:05 DEBUG    [VWAPCalc] 2025-04-16  VWAP=3256.91  SD=8.6992
02:21:05 DEBUG    [VWAPCalc] 2025-04-16  VWAP=3256.95  SD=8.6114
02:21:05 DEBUG    [VWAPCalc] 2025-04-16  VWAP=3257.20  SD=8.5070
02:21:05 DEBUG    [VWAPCalc] 2025-04-16  VWAP=3257.36  SD=8.5072
02:21:05 DEBUG    [VWAPCalc] 2025-04-16  VWAP=3257.42  SD=8.5038
02:21:05 DEBUG    [VWAPCalc] 2025-04-16  VWAP=3257.45  SD=8.5035
02:21:05 DEBUG    [VWAPCalc] 2025-04-16  VWAP=3257.62  SD=8.5414
02:21:05 DEBUG    [VWAPCalc] 2025-04-16  VWAP=3257.87  SD=8.6844
02:21:05 DEBUG    [VWAPCalc] 2025-04-16  VWAP=3257.94  SD=8.7151
02:21:05 DEBUG    [VWAPCalc] 2025-04-16  VWAP=3258.01  SD=8.7460
02:21:05 DEBUG    [VWAPCalc] 2025-04-16  VWAP=3258.34  SD=8.9729
02:21:05 DEBUG    [VWAPCalc] 2025-04-16  VWAP=3258.49  SD=9.0766
02:21:05 DEBUG    [VWAPCalc] 2025-04-16  VWAP=3258.63  SD=9.1735
02:21:05 DEBUG    [VWAPCalc] 2025-04-16  VWAP=3258.72  SD=9.2253
02:21:05 DEBUG    [VWAPCalc] 2025-04-16  VWAP=3258.80  SD=9.2538
02:21:05 DEBUG    [VWAPCalc] 2025-04-16  VWAP=3259.02  SD=9.3500
02:21:05 DEBUG    [VWAPCalc] 2025-04-16  VWAP=3259.20  SD=9.4362
02:21:05 DEBUG    [VWAPCalc] 2025-04-16  VWAP=3259.32  SD=9.4814
02:21:05 DEBUG    [VWAPCalc] 2025-04-16  VWAP=3259.40  SD=9.5011
02:21:05 DEBUG    [VWAPCalc] 2025-04-16  VWAP=3259.47  SD=9.5214
02:21:05 DEBUG    [VWAPCalc] 2025-04-16  VWAP=3259.59  SD=9.5381
02:21:05 DEBUG    [VWAPCalc] 2025-04-16  VWAP=3259.65  SD=9.5379
02:21:05 DEBUG    [VWAPCalc] 2025-04-16  VWAP=3259.72  SD=9.5378
02:21:05 DEBUG    [VWAPCalc] 2025-04-16  VWAP=3259.92  SD=9.5720
02:21:05 DEBUG    [VWAPCalc] 2025-04-16  VWAP=3260.17  SD=9.6646
02:21:05 DEBUG    [VWAPCalc] 2025-04-16  VWAP=3260.37  SD=9.7392
02:21:05 DEBUG    [VWAPCalc] 2025-04-16  VWAP=3260.57  SD=9.7983
02:21:05 DEBUG    [VWAPCalc] 2025-04-16  VWAP=3260.72  SD=9.8174
02:21:05 DEBUG    [VWAPCalc] 2025-04-16  VWAP=3260.96  SD=9.8543
02:21:05 DEBUG    [VWAPCalc] 2025-04-16  VWAP=3261.24  SD=9.9323
02:21:05 DEBUG    [VWAPCalc] 2025-04-16  VWAP=3261.47  SD=10.0037
02:21:05 DEBUG    [VWAPCalc] 2025-04-16  VWAP=3261.73  SD=10.0834
02:21:05 DEBUG    [VWAPCalc] 2025-04-16  VWAP=3261.93  SD=10.1320
02:21:05 DEBUG    [VWAPCalc] 2025-04-16  VWAP=3259.53  SD=12.6592
02:21:05 DEBUG    [VWAPCalc] 2025-04-16  VWAP=3258.77  SD=13.4225
02:21:05 DEBUG    [VWAPCalc] 2025-04-16  VWAP=3258.30  SD=13.8671
02:21:05 DEBUG    [VWAPCalc] 2025-04-16  VWAP=3257.82  SD=14.3056
02:21:05 DEBUG    [VWAPCalc] 2025-04-16  VWAP=3257.54  SD=14.5529
02:21:05 DEBUG    [VWAPCalc] 2025-04-17  VWAP=3221.40  SD=0.0000
02:21:05 DEBUG    [VWAPCalc] 2025-04-17  VWAP=3220.78  SD=0.7390
02:21:05 DEBUG    [VWAPCalc] 2025-04-17  VWAP=3221.38  SD=1.2630
02:21:05 DEBUG    [VWAPCalc] 2025-04-17  VWAP=3221.92  SD=1.6868
02:21:05 DEBUG    [VWAPCalc] 2025-04-17  VWAP=3223.38  SD=3.2722
02:21:05 DEBUG    [VWAPCalc] 2025-04-17  VWAP=3224.42  SD=3.8836
02:21:05 DEBUG    [VWAPCalc] 2025-04-17  VWAP=3225.03  SD=4.0714
02:21:05 DEBUG    [VWAPCalc] 2025-04-17  VWAP=3225.45  SD=4.2083
02:21:05 DEBUG    [VWAPCalc] 2025-04-17  VWAP=3226.18  SD=4.6991
02:21:05 DEBUG    [VWAPCalc] 2025-04-17  VWAP=3227.23  SD=5.4664
02:21:05 DEBUG    [VWAPCalc] 2025-04-17  VWAP=3227.88  SD=5.5405
02:21:05 DEBUG    [VWAPCalc] 2025-04-17  VWAP=3228.17  SD=5.5504
02:21:05 DEBUG    [VWAPCalc] 2025-04-17  VWAP=3228.26  SD=5.4922
02:21:05 DEBUG    [VWAPCalc] 2025-04-17  VWAP=3228.28  SD=5.3458
02:21:05 DEBUG    [VWAPCalc] 2025-04-17  VWAP=3228.35  SD=5.2327
02:21:05 DEBUG    [VWAPCalc] 2025-04-17  VWAP=3228.43  SD=5.1173
02:21:05 DEBUG    [VWAPCalc] 2025-04-17  VWAP=3228.43  SD=5.0463
02:21:05 DEBUG    [VWAPCalc] 2025-04-17  VWAP=3228.43  SD=4.9678
02:21:05 DEBUG    [VWAPCalc] 2025-04-17  VWAP=3228.56  SD=4.9338
02:21:05 DEBUG    [VWAPCalc] 2025-04-17  VWAP=3228.60  SD=4.9129
02:21:05 DEBUG    [VWAPCalc] 2025-04-17  VWAP=3228.78  SD=4.9369
02:21:05 DEBUG    [VWAPCalc] 2025-04-17  VWAP=3228.87  SD=4.9613
02:21:05 DEBUG    [VWAPCalc] 2025-04-17  VWAP=3229.03  SD=4.9969
02:21:05 DEBUG    [VWAPCalc] 2025-04-17  VWAP=3229.22  SD=5.0969
02:21:05 DEBUG    [VWAPCalc] 2025-04-17  VWAP=3229.27  SD=5.1138
02:21:05 DEBUG    [VWAPCalc] 2025-04-17  VWAP=3229.58  SD=5.2905
02:21:05 DEBUG    [VWAPCalc] 2025-04-17  VWAP=3229.71  SD=5.3802
02:21:05 DEBUG    [VWAPCalc] 2025-04-17  VWAP=3229.83  SD=5.4151
02:21:05 DEBUG    [VWAPCalc] 2025-04-17  VWAP=3229.90  SD=5.4142
02:21:05 DEBUG    [VWAPCalc] 2025-04-17  VWAP=3229.98  SD=5.4102
02:21:05 DEBUG    [VWAPCalc] 2025-04-17  VWAP=3230.23  SD=5.3540
02:21:05 DEBUG    [VWAPCalc] 2025-04-17  VWAP=3230.35  SD=5.3474
02:21:05 DEBUG    [VWAPCalc] 2025-04-17  VWAP=3230.40  SD=5.3600
02:21:05 DEBUG    [VWAPCalc] 2025-04-17  VWAP=3230.58  SD=5.4618
02:21:05 DEBUG    [VWAPCalc] 2025-04-17  VWAP=3230.72  SD=5.5280
02:21:05 DEBUG    [VWAPCalc] 2025-04-17  VWAP=3231.16  SD=5.8681
02:21:05 DEBUG    [VWAPCalc] 2025-04-17  VWAP=3231.64  SD=6.2672
02:21:05 DEBUG    [VWAPCalc] 2025-04-17  VWAP=3232.01  SD=6.6134
02:21:05 DEBUG    [VWAPCalc] 2025-04-17  VWAP=3232.31  SD=6.8870
02:21:05 DEBUG    [VWAPCalc] 2025-04-17  VWAP=3233.10  SD=7.6752
02:21:05 DEBUG    [VWAPCalc] 2025-04-17  VWAP=3233.64  SD=8.2298
02:21:05 DEBUG    [VWAPCalc] 2025-04-17  VWAP=3234.26  SD=8.8656
02:21:05 DEBUG    [VWAPCalc] 2025-04-17  VWAP=3234.82  SD=9.4237
02:21:05 DEBUG    [VWAPCalc] 2025-04-17  VWAP=3235.09  SD=9.6312
02:21:05 DEBUG    [VWAPCalc] 2025-04-17  VWAP=3235.82  SD=10.2733
02:21:05 DEBUG    [VWAPCalc] 2025-04-17  VWAP=3236.52  SD=10.8574
02:21:05 DEBUG    [VWAPCalc] 2025-04-17  VWAP=3236.78  SD=11.0274
02:21:05 DEBUG    [VWAPCalc] 2025-04-17  VWAP=3237.56  SD=11.5163
02:21:05 DEBUG    [VWAPCalc] 2025-04-17  VWAP=3238.02  SD=11.6658
02:21:05 DEBUG    [VWAPCalc] 2025-04-17  VWAP=3238.25  SD=11.7704
02:21:05 DEBUG    [VWAPCalc] 2025-04-17  VWAP=3238.45  SD=11.8427
02:21:05 DEBUG    [VWAPCalc] 2025-04-17  VWAP=3238.60  SD=11.8996
02:21:05 DEBUG    [VWAPCalc] 2025-04-17  VWAP=3238.82  SD=11.9813
02:21:05 DEBUG    [VWAPCalc] 2025-04-17  VWAP=3239.16  SD=12.1358
02:21:05 DEBUG    [VWAPCalc] 2025-04-17  VWAP=3239.43  SD=12.2511
02:21:05 DEBUG    [VWAPCalc] 2025-04-17  VWAP=3239.65  SD=12.3543
02:21:05 DEBUG    [VWAPCalc] 2025-04-17  VWAP=3239.91  SD=12.4753
02:21:05 DEBUG    [VWAPCalc] 2025-04-17  VWAP=3240.18  SD=12.6101
02:21:05 DEBUG    [VWAPCalc] 2025-04-17  VWAP=3240.64  SD=12.9044
02:21:05 DEBUG    [VWAPCalc] 2025-04-17  VWAP=3241.36  SD=13.4410
02:21:05 DEBUG    [VWAPCalc] 2025-04-17  VWAP=3242.29  SD=14.1054
02:21:05 DEBUG    [VWAPCalc] 2025-04-17  VWAP=3243.20  SD=14.7354
02:21:05 DEBUG    [VWAPCalc] 2025-04-17  VWAP=3243.56  SD=14.9125
02:21:05 DEBUG    [VWAPCalc] 2025-04-17  VWAP=3243.99  SD=15.1247
02:21:05 DEBUG    [VWAPCalc] 2025-04-17  VWAP=3244.41  SD=15.3652
02:21:05 DEBUG    [VWAPCalc] 2025-04-17  VWAP=3244.97  SD=15.7374
02:21:05 DEBUG    [VWAPCalc] 2025-04-17  VWAP=3246.23  SD=16.6448
02:21:05 DEBUG    [VWAPCalc] 2025-04-17  VWAP=3246.64  SD=16.9033
02:21:05 DEBUG    [VWAPCalc] 2025-04-17  VWAP=3246.90  SD=17.0578
02:21:05 DEBUG    [VWAPCalc] 2025-04-17  VWAP=3247.23  SD=17.1519
02:21:05 DEBUG    [VWAPCalc] 2025-04-17  VWAP=3247.39  SD=17.1981
02:21:05 DEBUG    [VWAPCalc] 2025-04-17  VWAP=3247.65  SD=17.2832
02:21:05 DEBUG    [VWAPCalc] 2025-04-17  VWAP=3247.99  SD=17.4346
02:21:05 DEBUG    [VWAPCalc] 2025-04-17  VWAP=3248.21  SD=17.5323
02:21:05 DEBUG    [VWAPCalc] 2025-04-17  VWAP=3248.49  SD=17.6768
02:21:05 DEBUG    [VWAPCalc] 2025-04-17  VWAP=3249.09  SD=17.9468
02:21:05 DEBUG    [VWAPCalc] 2025-04-17  VWAP=3249.32  SD=18.0343
02:21:05 DEBUG    [VWAPCalc] 2025-04-17  VWAP=3249.61  SD=18.1517
02:21:05 DEBUG    [VWAPCalc] 2025-04-17  VWAP=3249.92  SD=18.2695
02:21:05 DEBUG    [VWAPCalc] 2025-04-17  VWAP=3250.10  SD=18.3393
02:21:05 DEBUG    [VWAPCalc] 2025-04-17  VWAP=3250.45  SD=18.4829
02:21:05 DEBUG    [VWAPCalc] 2025-04-17  VWAP=3250.87  SD=18.6154
02:21:05 DEBUG    [VWAPCalc] 2025-04-17  VWAP=3251.42  SD=18.8107
02:21:05 DEBUG    [VWAPCalc] 2025-04-17  VWAP=3252.72  SD=19.5325
02:21:05 DEBUG    [VWAPCalc] 2025-04-17  VWAP=3253.21  SD=19.8548
02:21:05 DEBUG    [VWAPCalc] 2025-04-17  VWAP=3253.71  SD=20.1713
02:21:05 DEBUG    [VWAPCalc] 2025-04-17  VWAP=3254.00  SD=20.3514
02:21:05 DEBUG    [VWAPCalc] 2025-04-17  VWAP=3254.61  SD=20.7500
02:21:05 DEBUG    [VWAPCalc] 2025-04-17  VWAP=3254.93  SD=20.9539
02:21:05 DEBUG    [VWAPCalc] 2025-04-17  VWAP=3255.33  SD=21.2366
02:21:05 DEBUG    [VWAPCalc] 2025-04-17  VWAP=3256.27  SD=21.9578
02:21:05 DEBUG    [VWAPCalc] 2025-04-17  VWAP=3256.64  SD=22.2017
02:21:05 DEBUG    [VWAPCalc] 2025-04-17  VWAP=3256.87  SD=22.3415
02:21:05 DEBUG    [VWAPCalc] 2025-04-17  VWAP=3257.31  SD=22.6446
02:21:05 DEBUG    [VWAPCalc] 2025-04-17  VWAP=3257.75  SD=22.9115
02:21:05 DEBUG    [VWAPCalc] 2025-04-17  VWAP=3258.41  SD=23.1733
02:21:05 DEBUG    [VWAPCalc] 2025-04-17  VWAP=3258.71  SD=23.2452
02:21:05 DEBUG    [VWAPCalc] 2025-04-17  VWAP=3259.01  SD=23.2846
02:21:05 DEBUG    [VWAPCalc] 2025-04-17  VWAP=3259.32  SD=23.3453
02:21:05 DEBUG    [VWAPCalc] 2025-04-17  VWAP=3259.51  SD=23.3976
02:21:05 DEBUG    [VWAPCalc] 2025-04-17  VWAP=3259.77  SD=23.4871
02:21:05 DEBUG    [VWAPCalc] 2025-04-17  VWAP=3260.12  SD=23.6236
02:21:05 DEBUG    [VWAPCalc] 2025-04-17  VWAP=3260.37  SD=23.6930
02:21:05 DEBUG    [VWAPCalc] 2025-04-17  VWAP=3260.68  SD=23.7808
02:21:05 DEBUG    [VWAPCalc] 2025-04-17  VWAP=3260.86  SD=23.8469
02:21:05 DEBUG    [VWAPCalc] 2025-04-17  VWAP=3261.14  SD=23.9362
02:21:05 DEBUG    [VWAPCalc] 2025-04-17  VWAP=3261.29  SD=23.9848
02:21:05 DEBUG    [VWAPCalc] 2025-04-17  VWAP=3261.46  SD=24.0375
02:21:05 DEBUG    [VWAPCalc] 2025-04-17  VWAP=3261.69  SD=24.1099
02:21:05 DEBUG    [VWAPCalc] 2025-04-17  VWAP=3262.12  SD=24.2742
02:21:05 DEBUG    [VWAPCalc] 2025-04-17  VWAP=3262.90  SD=24.5996
02:21:05 DEBUG    [VWAPCalc] 2025-04-17  VWAP=3263.44  SD=24.7933
02:21:05 DEBUG    [VWAPCalc] 2025-04-17  VWAP=3263.99  SD=24.9704
02:21:05 DEBUG    [VWAPCalc] 2025-04-17  VWAP=3264.71  SD=25.2009
02:21:05 DEBUG    [VWAPCalc] 2025-04-17  VWAP=3265.26  SD=25.3960
02:21:05 DEBUG    [VWAPCalc] 2025-04-17  VWAP=3265.83  SD=25.5691
02:21:05 DEBUG    [VWAPCalc] 2025-04-17  VWAP=3266.40  SD=25.7169
02:21:05 DEBUG    [VWAPCalc] 2025-04-17  VWAP=3266.72  SD=25.7826
02:21:05 DEBUG    [VWAPCalc] 2025-04-17  VWAP=3267.04  SD=25.8466
02:21:05 DEBUG    [VWAPCalc] 2025-04-17  VWAP=3267.37  SD=25.8946
02:21:22 INFO     [DataFeed] DataFeed task cancelled — closing WebSocket …
02:21:22 WARNING  [DataFeed] WebSocket closed: {'code': 200, 'message': 'Connection Closed', 's': 'ok'}
02:21:23 INFO     [Main] Strategy task cancelled.
02:21:23 INFO     [Main] Shutdown complete — bye!
02:21:23 INFO     [Main] KeyboardInterrupt — terminated.
02:33:27 INFO     [DataFeed] Back‑filled NSE:RELIANCE-EQ: 375 bars
02:33:27 INFO     [DataFeed] Back‑filled NSE:TCS-EQ: 375 bars
02:33:28 INFO     [websocket] Websocket connected
02:33:29 INFO     [DataFeed] WebSocket connected
02:33:30 DEBUG    [VWAPCalc] 2025-04-14  VWAP=1246.20  SD=0.0000
02:33:30 DEBUG    [VWAPCalc] 2025-04-14  VWAP=1246.11  SD=0.2699
02:33:30 DEBUG    [VWAPCalc] 2025-04-14  VWAP=1245.99  SD=0.5207
02:33:30 DEBUG    [VWAPCalc] 2025-04-14  VWAP=1245.81  SD=0.8926
02:33:30 DEBUG    [VWAPCalc] 2025-04-14  VWAP=1245.67  SD=1.0651
02:33:30 DEBUG    [VWAPCalc] 2025-04-15  VWAP=1243.33  SD=0.0000
02:33:30 DEBUG    [VWAPCalc] 2025-04-15  VWAP=1243.36  SD=0.0332
02:33:30 DEBUG    [VWAPCalc] 2025-04-15  VWAP=1243.70  SD=0.3826
02:33:30 DEBUG    [VWAPCalc] 2025-04-15  VWAP=1243.76  SD=0.3896
02:33:30 DEBUG    [VWAPCalc] 2025-04-15  VWAP=1243.83  SD=0.3791
02:33:30 DEBUG    [VWAPCalc] 2025-04-15  VWAP=1243.84  SD=0.3595
02:33:30 DEBUG    [VWAPCalc] 2025-04-15  VWAP=1244.04  SD=0.5599
02:33:30 DEBUG    [VWAPCalc] 2025-04-15  VWAP=1244.40  SD=0.9835
02:33:30 DEBUG    [VWAPCalc] 2025-04-15  VWAP=1244.49  SD=1.0106
02:33:30 DEBUG    [VWAPCalc] 2025-04-15  VWAP=1244.49  SD=0.9857
02:33:30 DEBUG    [VWAPCalc] 2025-04-15  VWAP=1244.41  SD=1.0079
02:33:30 DEBUG    [VWAPCalc] 2025-04-15  VWAP=1244.30  SD=1.0903
02:33:30 DEBUG    [VWAPCalc] 2025-04-15  VWAP=1244.24  SD=1.1166
02:33:30 DEBUG    [VWAPCalc] 2025-04-15  VWAP=1244.17  SD=1.1388
02:33:30 DEBUG    [VWAPCalc] 2025-04-15  VWAP=1244.11  SD=1.1775
02:33:30 DEBUG    [VWAPCalc] 2025-04-15  VWAP=1243.93  SD=1.3652
02:33:30 DEBUG    [VWAPCalc] 2025-04-15  VWAP=1243.84  SD=1.4116
02:33:30 DEBUG    [VWAPCalc] 2025-04-15  VWAP=1243.78  SD=1.4215
02:33:30 DEBUG    [VWAPCalc] 2025-04-15  VWAP=1243.75  SD=1.4204
02:33:30 DEBUG    [VWAPCalc] 2025-04-15  VWAP=1243.70  SD=1.4313
02:33:30 DEBUG    [VWAPCalc] 2025-04-15  VWAP=1243.55  SD=1.5746
02:33:30 DEBUG    [VWAPCalc] 2025-04-15  VWAP=1243.45  SD=1.6563
02:33:30 DEBUG    [VWAPCalc] 2025-04-15  VWAP=1243.35  SD=1.7423
02:33:30 DEBUG    [VWAPCalc] 2025-04-15  VWAP=1243.22  SD=1.8743
02:33:30 DEBUG    [VWAPCalc] 2025-04-15  VWAP=1243.13  SD=1.9259
02:33:30 DEBUG    [VWAPCalc] 2025-04-15  VWAP=1243.02  SD=1.9925
02:33:30 DEBUG    [VWAPCalc] 2025-04-15  VWAP=1242.90  SD=2.0704
02:33:30 DEBUG    [VWAPCalc] 2025-04-15  VWAP=1242.84  SD=2.1101
02:33:30 DEBUG    [VWAPCalc] 2025-04-15  VWAP=1242.76  SD=2.1658
02:33:30 DEBUG    [VWAPCalc] 2025-04-15  VWAP=1242.69  SD=2.2180
02:33:30 DEBUG    [VWAPCalc] 2025-04-15  VWAP=1242.61  SD=2.2566
02:33:30 DEBUG    [VWAPCalc] 2025-04-15  VWAP=1242.56  SD=2.2703
02:33:30 DEBUG    [VWAPCalc] 2025-04-15  VWAP=1242.52  SD=2.2763
02:33:30 DEBUG    [VWAPCalc] 2025-04-15  VWAP=1242.47  SD=2.3005
02:33:30 DEBUG    [VWAPCalc] 2025-04-15  VWAP=1242.22  SD=2.4478
02:33:30 DEBUG    [VWAPCalc] 2025-04-15  VWAP=1242.14  SD=2.4826
02:33:30 DEBUG    [VWAPCalc] 2025-04-15  VWAP=1242.08  SD=2.5096
02:33:30 DEBUG    [VWAPCalc] 2025-04-15  VWAP=1242.04  SD=2.5279
02:33:30 DEBUG    [VWAPCalc] 2025-04-15  VWAP=1242.00  SD=2.5182
02:33:30 DEBUG    [VWAPCalc] 2025-04-15  VWAP=1241.96  SD=2.5124
02:33:30 DEBUG    [VWAPCalc] 2025-04-15  VWAP=1241.94  SD=2.5094
02:33:30 DEBUG    [VWAPCalc] 2025-04-15  VWAP=1241.92  SD=2.5032
02:33:30 DEBUG    [VWAPCalc] 2025-04-15  VWAP=1241.90  SD=2.4950
02:33:30 DEBUG    [VWAPCalc] 2025-04-15  VWAP=1241.89  SD=2.4829
02:33:30 DEBUG    [VWAPCalc] 2025-04-15  VWAP=1241.87  SD=2.4760
02:33:30 DEBUG    [VWAPCalc] 2025-04-15  VWAP=1241.84  SD=2.4776
02:33:30 DEBUG    [VWAPCalc] 2025-04-15  VWAP=1241.81  SD=2.4759
02:33:30 DEBUG    [VWAPCalc] 2025-04-15  VWAP=1241.79  SD=2.4740
02:33:30 DEBUG    [VWAPCalc] 2025-04-15  VWAP=1241.78  SD=2.4727
02:33:30 DEBUG    [VWAPCalc] 2025-04-15  VWAP=1241.75  SD=2.4740
02:33:30 DEBUG    [VWAPCalc] 2025-04-15  VWAP=1241.72  SD=2.4802
02:33:30 DEBUG    [VWAPCalc] 2025-04-15  VWAP=1241.71  SD=2.4821
02:33:30 DEBUG    [VWAPCalc] 2025-04-15  VWAP=1241.67  SD=2.4846
02:33:30 DEBUG    [VWAPCalc] 2025-04-15  VWAP=1241.65  SD=2.4803
02:33:30 DEBUG    [VWAPCalc] 2025-04-15  VWAP=1241.63  SD=2.4541
02:33:30 DEBUG    [VWAPCalc] 2025-04-15  VWAP=1241.62  SD=2.4401
02:33:30 DEBUG    [VWAPCalc] 2025-04-15  VWAP=1241.63  SD=2.4208
02:33:30 DEBUG    [VWAPCalc] 2025-04-15  VWAP=1241.65  SD=2.4049
02:33:30 DEBUG    [VWAPCalc] 2025-04-15  VWAP=1241.67  SD=2.3596
02:33:30 DEBUG    [VWAPCalc] 2025-04-15  VWAP=1241.69  SD=2.3429
02:33:30 DEBUG    [VWAPCalc] 2025-04-15  VWAP=1241.71  SD=2.3228
02:33:30 DEBUG    [VWAPCalc] 2025-04-15  VWAP=1241.74  SD=2.3157
02:33:30 DEBUG    [VWAPCalc] 2025-04-15  VWAP=1241.77  SD=2.2986
02:33:30 DEBUG    [VWAPCalc] 2025-04-15  VWAP=1241.78  SD=2.2849
02:33:30 DEBUG    [VWAPCalc] 2025-04-15  VWAP=1241.79  SD=2.2758
02:33:30 DEBUG    [VWAPCalc] 2025-04-15  VWAP=1241.81  SD=2.2617
02:33:30 DEBUG    [VWAPCalc] 2025-04-15  VWAP=1241.82  SD=2.2502
02:33:30 DEBUG    [VWAPCalc] 2025-04-15  VWAP=1241.84  SD=2.2388
02:33:30 DEBUG    [VWAPCalc] 2025-04-15  VWAP=1241.86  SD=2.2104
02:33:30 DEBUG    [VWAPCalc] 2025-04-15  VWAP=1241.86  SD=2.1966
02:33:30 DEBUG    [VWAPCalc] 2025-04-15  VWAP=1241.87  SD=2.1855
02:33:30 DEBUG    [VWAPCalc] 2025-04-15  VWAP=1241.89  SD=2.1781
02:33:30 DEBUG    [VWAPCalc] 2025-04-15  VWAP=1241.89  SD=2.1506
02:33:30 DEBUG    [VWAPCalc] 2025-04-15  VWAP=1241.87  SD=2.1317
02:33:30 DEBUG    [VWAPCalc] 2025-04-15  VWAP=1241.86  SD=2.0926
02:33:30 DEBUG    [VWAPCalc] 2025-04-15  VWAP=1241.86  SD=2.0856
02:33:30 DEBUG    [VWAPCalc] 2025-04-15  VWAP=1241.86  SD=2.0751
02:33:30 DEBUG    [VWAPCalc] 2025-04-15  VWAP=1241.86  SD=2.0544
02:33:30 DEBUG    [VWAPCalc] 2025-04-15  VWAP=1241.86  SD=2.0485
02:33:30 DEBUG    [VWAPCalc] 2025-04-15  VWAP=1241.87  SD=2.0419
02:33:30 DEBUG    [VWAPCalc] 2025-04-15  VWAP=1241.87  SD=2.0306
02:33:30 DEBUG    [VWAPCalc] 2025-04-15  VWAP=1241.89  SD=2.0226
02:33:30 DEBUG    [VWAPCalc] 2025-04-15  VWAP=1241.90  SD=2.0113
02:33:30 DEBUG    [VWAPCalc] 2025-04-15  VWAP=1241.91  SD=1.9956
02:33:30 DEBUG    [VWAPCalc] 2025-04-15  VWAP=1241.91  SD=1.9871
02:33:30 DEBUG    [VWAPCalc] 2025-04-15  VWAP=1241.92  SD=1.9750
02:33:30 DEBUG    [VWAPCalc] 2025-04-15  VWAP=1241.93  SD=1.9606
02:33:30 DEBUG    [VWAPCalc] 2025-04-15  VWAP=1241.94  SD=1.9506
02:33:30 DEBUG    [VWAPCalc] 2025-04-15  VWAP=1241.95  SD=1.9383
02:33:30 DEBUG    [VWAPCalc] 2025-04-15  VWAP=1241.95  SD=1.9223
02:33:30 DEBUG    [VWAPCalc] 2025-04-15  VWAP=1241.95  SD=1.9134
02:33:30 DEBUG    [VWAPCalc] 2025-04-15  VWAP=1241.96  SD=1.9043
02:33:30 DEBUG    [VWAPCalc] 2025-04-15  VWAP=1241.97  SD=1.8971
02:33:30 DEBUG    [VWAPCalc] 2025-04-15  VWAP=1241.98  SD=1.8854
02:33:30 DEBUG    [VWAPCalc] 2025-04-15  VWAP=1242.01  SD=1.8762
02:33:30 DEBUG    [VWAPCalc] 2025-04-15  VWAP=1242.02  SD=1.8585
02:33:30 DEBUG    [VWAPCalc] 2025-04-15  VWAP=1242.03  SD=1.8466
02:33:30 DEBUG    [VWAPCalc] 2025-04-15  VWAP=1242.04  SD=1.8373
02:33:30 DEBUG    [VWAPCalc] 2025-04-15  VWAP=1242.05  SD=1.8154
02:33:30 DEBUG    [VWAPCalc] 2025-04-15  VWAP=1242.05  SD=1.8061
02:33:30 DEBUG    [VWAPCalc] 2025-04-15  VWAP=1242.04  SD=1.7976
02:33:30 DEBUG    [VWAPCalc] 2025-04-15  VWAP=1242.02  SD=1.7839
02:33:30 DEBUG    [VWAPCalc] 2025-04-15  VWAP=1242.01  SD=1.7790
02:33:30 DEBUG    [VWAPCalc] 2025-04-15  VWAP=1241.97  SD=1.7930
02:33:30 DEBUG    [VWAPCalc] 2025-04-15  VWAP=1241.94  SD=1.8034
02:33:30 DEBUG    [VWAPCalc] 2025-04-15  VWAP=1241.92  SD=1.8066
02:33:30 DEBUG    [VWAPCalc] 2025-04-15  VWAP=1241.91  SD=1.8082
02:33:30 DEBUG    [VWAPCalc] 2025-04-15  VWAP=1241.89  SD=1.8060
02:33:30 DEBUG    [VWAPCalc] 2025-04-15  VWAP=1241.86  SD=1.8065
02:33:30 DEBUG    [VWAPCalc] 2025-04-15  VWAP=1241.82  SD=1.8141
02:33:30 DEBUG    [VWAPCalc] 2025-04-15  VWAP=1241.74  SD=1.8044
02:33:30 DEBUG    [VWAPCalc] 2025-04-15  VWAP=1241.67  SD=1.8007
02:33:30 DEBUG    [VWAPCalc] 2025-04-15  VWAP=1241.61  SD=1.7758
02:33:30 DEBUG    [VWAPCalc] 2025-04-15  VWAP=1241.54  SD=1.7581
02:33:30 DEBUG    [VWAPCalc] 2025-04-15  VWAP=1241.46  SD=1.7654
02:33:30 DEBUG    [VWAPCalc] 2025-04-15  VWAP=1241.36  SD=1.7801
02:33:30 DEBUG    [VWAPCalc] 2025-04-15  VWAP=1241.31  SD=1.7693
02:33:30 DEBUG    [VWAPCalc] 2025-04-15  VWAP=1241.28  SD=1.7308
02:33:30 DEBUG    [VWAPCalc] 2025-04-15  VWAP=1241.27  SD=1.6938
02:33:30 DEBUG    [VWAPCalc] 2025-04-15  VWAP=1241.24  SD=1.6868
02:33:30 DEBUG    [VWAPCalc] 2025-04-15  VWAP=1241.06  SD=2.0009
02:33:30 DEBUG    [VWAPCalc] 2025-04-15  VWAP=1241.00  SD=2.1018
02:33:30 DEBUG    [VWAPCalc] 2025-04-15  VWAP=1240.93  SD=2.1928
02:33:30 DEBUG    [VWAPCalc] 2025-04-15  VWAP=1240.83  SD=2.3344
02:33:30 DEBUG    [VWAPCalc] 2025-04-15  VWAP=1240.77  SD=2.4196
02:33:30 DEBUG    [VWAPCalc] 2025-04-16  VWAP=1233.57  SD=0.0000
02:33:30 DEBUG    [VWAPCalc] 2025-04-16  VWAP=1232.72  SD=1.0023
02:33:30 DEBUG    [VWAPCalc] 2025-04-16  VWAP=1232.56  SD=0.9638
02:33:30 DEBUG    [VWAPCalc] 2025-04-16  VWAP=1232.48  SD=0.9072
02:33:30 DEBUG    [VWAPCalc] 2025-04-16  VWAP=1232.45  SD=0.8584
02:33:30 DEBUG    [VWAPCalc] 2025-04-16  VWAP=1232.44  SD=0.8154
02:33:30 DEBUG    [VWAPCalc] 2025-04-16  VWAP=1232.37  SD=0.8117
02:33:30 DEBUG    [VWAPCalc] 2025-04-16  VWAP=1232.35  SD=0.7922
02:33:30 DEBUG    [VWAPCalc] 2025-04-16  VWAP=1232.34  SD=0.7660
02:33:30 DEBUG    [VWAPCalc] 2025-04-16  VWAP=1232.33  SD=0.7380
02:33:30 DEBUG    [VWAPCalc] 2025-04-16  VWAP=1232.31  SD=0.7128
02:33:30 DEBUG    [VWAPCalc] 2025-04-16  VWAP=1232.32  SD=0.6991
02:33:30 DEBUG    [VWAPCalc] 2025-04-16  VWAP=1232.32  SD=0.6445
02:33:30 DEBUG    [VWAPCalc] 2025-04-16  VWAP=1232.42  SD=0.7220
02:33:30 DEBUG    [VWAPCalc] 2025-04-16  VWAP=1232.52  SD=0.8240
02:33:30 DEBUG    [VWAPCalc] 2025-04-16  VWAP=1232.58  SD=0.8321
02:33:30 DEBUG    [VWAPCalc] 2025-04-16  VWAP=1232.62  SD=0.8148
02:33:30 DEBUG    [VWAPCalc] 2025-04-16  VWAP=1232.68  SD=0.7870
02:33:30 DEBUG    [VWAPCalc] 2025-04-16  VWAP=1232.69  SD=0.7762
02:33:30 DEBUG    [VWAPCalc] 2025-04-16  VWAP=1232.73  SD=0.7838
02:33:30 DEBUG    [VWAPCalc] 2025-04-16  VWAP=1232.84  SD=0.8694
02:33:30 DEBUG    [VWAPCalc] 2025-04-16  VWAP=1232.92  SD=0.9013
02:33:30 DEBUG    [VWAPCalc] 2025-04-16  VWAP=1232.94  SD=0.8763
02:33:30 DEBUG    [VWAPCalc] 2025-04-16  VWAP=1232.89  SD=0.8765
02:33:30 DEBUG    [VWAPCalc] 2025-04-16  VWAP=1232.87  SD=0.8792
02:33:30 DEBUG    [VWAPCalc] 2025-04-16  VWAP=1232.76  SD=0.9195
02:33:30 DEBUG    [VWAPCalc] 2025-04-16  VWAP=1232.69  SD=0.9771
02:33:30 DEBUG    [VWAPCalc] 2025-04-16  VWAP=1232.49  SD=1.2096
02:33:30 DEBUG    [VWAPCalc] 2025-04-16  VWAP=1232.40  SD=1.2371
02:33:30 DEBUG    [VWAPCalc] 2025-04-16  VWAP=1232.36  SD=1.2448
02:33:30 DEBUG    [VWAPCalc] 2025-04-16  VWAP=1232.30  SD=1.2717
02:33:30 DEBUG    [VWAPCalc] 2025-04-16  VWAP=1232.26  SD=1.2900
02:33:30 DEBUG    [VWAPCalc] 2025-04-16  VWAP=1232.25  SD=1.2852
02:33:30 DEBUG    [VWAPCalc] 2025-04-16  VWAP=1232.26  SD=1.2686
02:33:30 DEBUG    [VWAPCalc] 2025-04-16  VWAP=1232.28  SD=1.2619
02:33:30 DEBUG    [VWAPCalc] 2025-04-16  VWAP=1232.34  SD=1.2773
02:33:30 DEBUG    [VWAPCalc] 2025-04-16  VWAP=1232.37  SD=1.2905
02:33:30 DEBUG    [VWAPCalc] 2025-04-16  VWAP=1232.40  SD=1.2980
02:33:30 DEBUG    [VWAPCalc] 2025-04-16  VWAP=1232.41  SD=1.3042
02:33:30 DEBUG    [VWAPCalc] 2025-04-16  VWAP=1232.44  SD=1.3147
02:33:30 DEBUG    [VWAPCalc] 2025-04-16  VWAP=1232.46  SD=1.3210
02:33:30 DEBUG    [VWAPCalc] 2025-04-16  VWAP=1232.47  SD=1.3202
02:33:30 DEBUG    [VWAPCalc] 2025-04-16  VWAP=1232.47  SD=1.3156
02:33:30 DEBUG    [VWAPCalc] 2025-04-16  VWAP=1232.47  SD=1.3093
02:33:30 DEBUG    [VWAPCalc] 2025-04-16  VWAP=1232.48  SD=1.3073
02:33:30 DEBUG    [VWAPCalc] 2025-04-16  VWAP=1232.50  SD=1.3136
02:33:30 DEBUG    [VWAPCalc] 2025-04-16  VWAP=1232.51  SD=1.3167
02:33:30 DEBUG    [VWAPCalc] 2025-04-16  VWAP=1232.52  SD=1.3181
02:33:30 DEBUG    [VWAPCalc] 2025-04-16  VWAP=1232.55  SD=1.3288
02:33:30 DEBUG    [VWAPCalc] 2025-04-16  VWAP=1232.57  SD=1.3289
02:33:30 DEBUG    [VWAPCalc] 2025-04-16  VWAP=1232.58  SD=1.3278
02:33:30 DEBUG    [VWAPCalc] 2025-04-16  VWAP=1232.61  SD=1.3474
02:33:30 DEBUG    [VWAPCalc] 2025-04-16  VWAP=1232.66  SD=1.3830
02:33:30 DEBUG    [VWAPCalc] 2025-04-16  VWAP=1232.72  SD=1.4354
02:33:30 DEBUG    [VWAPCalc] 2025-04-16  VWAP=1232.74  SD=1.4515
02:33:30 DEBUG    [VWAPCalc] 2025-04-16  VWAP=1232.77  SD=1.4752
02:33:30 DEBUG    [VWAPCalc] 2025-04-16  VWAP=1232.88  SD=1.5514
02:33:30 DEBUG    [VWAPCalc] 2025-04-16  VWAP=1232.91  SD=1.5755
02:33:30 DEBUG    [VWAPCalc] 2025-04-16  VWAP=1232.99  SD=1.6471
02:33:30 DEBUG    [VWAPCalc] 2025-04-16  VWAP=1233.04  SD=1.6868
02:33:30 DEBUG    [VWAPCalc] 2025-04-16  VWAP=1233.06  SD=1.6932
02:33:30 DEBUG    [VWAPCalc] 2025-04-16  VWAP=1233.08  SD=1.6983
02:33:30 DEBUG    [VWAPCalc] 2025-04-16  VWAP=1233.10  SD=1.7088
02:33:30 DEBUG    [VWAPCalc] 2025-04-16  VWAP=1233.15  SD=1.7333
02:33:30 DEBUG    [VWAPCalc] 2025-04-16  VWAP=1233.17  SD=1.7496
02:33:30 DEBUG    [VWAPCalc] 2025-04-16  VWAP=1233.19  SD=1.7660
02:33:30 DEBUG    [VWAPCalc] 2025-04-16  VWAP=1233.21  SD=1.7744
02:33:30 DEBUG    [VWAPCalc] 2025-04-16  VWAP=1233.25  SD=1.7873
02:33:30 DEBUG    [VWAPCalc] 2025-04-16  VWAP=1233.33  SD=1.8094
02:33:30 DEBUG    [VWAPCalc] 2025-04-16  VWAP=1233.35  SD=1.8130
02:33:30 DEBUG    [VWAPCalc] 2025-04-16  VWAP=1233.37  SD=1.8157
02:33:30 DEBUG    [VWAPCalc] 2025-04-16  VWAP=1233.38  SD=1.8194
02:33:30 DEBUG    [VWAPCalc] 2025-04-16  VWAP=1233.41  SD=1.8215
02:33:30 DEBUG    [VWAPCalc] 2025-04-16  VWAP=1233.43  SD=1.8214
02:33:30 DEBUG    [VWAPCalc] 2025-04-16  VWAP=1233.50  SD=1.8565
02:33:30 DEBUG    [VWAPCalc] 2025-04-16  VWAP=1233.52  SD=1.8584
02:33:30 DEBUG    [VWAPCalc] 2025-04-16  VWAP=1233.53  SD=1.8485
02:33:30 DEBUG    [VWAPCalc] 2025-04-16  VWAP=1233.54  SD=1.8331
02:33:30 DEBUG    [VWAPCalc] 2025-04-16  VWAP=1233.53  SD=1.8244
02:33:30 DEBUG    [VWAPCalc] 2025-04-16  VWAP=1233.52  SD=1.8183
02:33:30 DEBUG    [VWAPCalc] 2025-04-16  VWAP=1233.50  SD=1.8209
02:33:30 DEBUG    [VWAPCalc] 2025-04-16  VWAP=1233.48  SD=1.8283
02:33:30 DEBUG    [VWAPCalc] 2025-04-16  VWAP=1233.46  SD=1.8297
02:33:30 DEBUG    [VWAPCalc] 2025-04-16  VWAP=1233.44  SD=1.8312
02:33:30 DEBUG    [VWAPCalc] 2025-04-16  VWAP=1233.43  SD=1.8349
02:33:30 DEBUG    [VWAPCalc] 2025-04-16  VWAP=1233.41  SD=1.8389
02:33:30 DEBUG    [VWAPCalc] 2025-04-16  VWAP=1233.38  SD=1.8462
02:33:30 DEBUG    [VWAPCalc] 2025-04-16  VWAP=1233.35  SD=1.8460
02:33:30 DEBUG    [VWAPCalc] 2025-04-16  VWAP=1233.35  SD=1.8382
02:33:30 DEBUG    [VWAPCalc] 2025-04-16  VWAP=1233.40  SD=1.8462
02:33:30 DEBUG    [VWAPCalc] 2025-04-16  VWAP=1233.48  SD=1.9128
02:33:30 DEBUG    [VWAPCalc] 2025-04-16  VWAP=1233.51  SD=1.9307
02:33:30 DEBUG    [VWAPCalc] 2025-04-16  VWAP=1233.55  SD=1.9543
02:33:30 DEBUG    [VWAPCalc] 2025-04-16  VWAP=1233.58  SD=1.9702
02:33:30 DEBUG    [VWAPCalc] 2025-04-16  VWAP=1233.61  SD=1.9980
02:33:30 DEBUG    [VWAPCalc] 2025-04-16  VWAP=1233.63  SD=2.0126
02:33:30 DEBUG    [VWAPCalc] 2025-04-16  VWAP=1233.65  SD=2.0247
02:33:30 DEBUG    [VWAPCalc] 2025-04-16  VWAP=1233.70  SD=2.0606
02:33:30 DEBUG    [VWAPCalc] 2025-04-16  VWAP=1233.78  SD=2.1394
02:33:30 DEBUG    [VWAPCalc] 2025-04-16  VWAP=1233.87  SD=2.2391
02:33:30 DEBUG    [VWAPCalc] 2025-04-16  VWAP=1233.89  SD=2.2627
02:33:30 DEBUG    [VWAPCalc] 2025-04-16  VWAP=1233.93  SD=2.2840
02:33:30 DEBUG    [VWAPCalc] 2025-04-16  VWAP=1233.96  SD=2.2987
02:33:30 DEBUG    [VWAPCalc] 2025-04-16  VWAP=1233.97  SD=2.3069
02:33:30 DEBUG    [VWAPCalc] 2025-04-16  VWAP=1234.00  SD=2.3240
02:33:30 DEBUG    [VWAPCalc] 2025-04-16  VWAP=1234.03  SD=2.3347
02:33:30 DEBUG    [VWAPCalc] 2025-04-16  VWAP=1234.07  SD=2.3504
02:33:30 DEBUG    [VWAPCalc] 2025-04-16  VWAP=1234.12  SD=2.3852
02:33:30 DEBUG    [VWAPCalc] 2025-04-16  VWAP=1234.16  SD=2.4123
02:33:30 DEBUG    [VWAPCalc] 2025-04-16  VWAP=1234.27  SD=2.5111
02:33:30 DEBUG    [VWAPCalc] 2025-04-16  VWAP=1234.52  SD=2.7447
02:33:30 DEBUG    [VWAPCalc] 2025-04-16  VWAP=1234.71  SD=2.9038
02:33:30 DEBUG    [VWAPCalc] 2025-04-16  VWAP=1234.95  SD=3.0683
02:33:30 DEBUG    [VWAPCalc] 2025-04-16  VWAP=1235.21  SD=3.1741
02:33:30 DEBUG    [VWAPCalc] 2025-04-16  VWAP=1235.36  SD=3.1557
02:33:30 DEBUG    [VWAPCalc] 2025-04-16  VWAP=1235.42  SD=3.1385
02:33:30 DEBUG    [VWAPCalc] 2025-04-16  VWAP=1235.51  SD=3.1375
02:33:30 DEBUG    [VWAPCalc] 2025-04-16  VWAP=1235.60  SD=3.1483
02:33:30 DEBUG    [VWAPCalc] 2025-04-16  VWAP=1235.67  SD=3.1433
02:33:30 DEBUG    [VWAPCalc] 2025-04-16  VWAP=1235.71  SD=3.1247
02:33:30 DEBUG    [VWAPCalc] 2025-04-16  VWAP=1235.71  SD=3.0335
02:33:30 DEBUG    [VWAPCalc] 2025-04-16  VWAP=1235.66  SD=3.0230
02:33:30 DEBUG    [VWAPCalc] 2025-04-16  VWAP=1235.51  SD=3.1212
02:33:30 DEBUG    [VWAPCalc] 2025-04-16  VWAP=1235.44  SD=3.1694
02:33:30 DEBUG    [VWAPCalc] 2025-04-16  VWAP=1235.33  SD=3.2580
02:33:30 DEBUG    [VWAPCalc] 2025-04-17  VWAP=1229.40  SD=0.0000
02:33:30 DEBUG    [VWAPCalc] 2025-04-17  VWAP=1229.51  SD=0.1166
02:33:30 DEBUG    [VWAPCalc] 2025-04-17  VWAP=1229.78  SD=0.4498
02:33:30 DEBUG    [VWAPCalc] 2025-04-17  VWAP=1230.01  SD=0.6375
02:33:30 DEBUG    [VWAPCalc] 2025-04-17  VWAP=1230.29  SD=0.9113
02:33:30 DEBUG    [VWAPCalc] 2025-04-17  VWAP=1230.63  SD=1.1441
02:33:30 DEBUG    [VWAPCalc] 2025-04-17  VWAP=1230.78  SD=1.1956
02:33:30 DEBUG    [VWAPCalc] 2025-04-17  VWAP=1230.89  SD=1.2423
02:33:30 DEBUG    [VWAPCalc] 2025-04-17  VWAP=1230.94  SD=1.2169
02:33:30 DEBUG    [VWAPCalc] 2025-04-17  VWAP=1230.95  SD=1.1874
02:33:30 DEBUG    [VWAPCalc] 2025-04-17  VWAP=1230.95  SD=1.1672
02:33:30 DEBUG    [VWAPCalc] 2025-04-17  VWAP=1230.96  SD=1.1373
02:33:30 DEBUG    [VWAPCalc] 2025-04-17  VWAP=1230.93  SD=1.1066
02:33:30 DEBUG    [VWAPCalc] 2025-04-17  VWAP=1230.65  SD=1.2455
02:33:30 DEBUG    [VWAPCalc] 2025-04-17  VWAP=1230.58  SD=1.2355
02:33:30 DEBUG    [VWAPCalc] 2025-04-17  VWAP=1230.56  SD=1.2078
02:33:30 DEBUG    [VWAPCalc] 2025-04-17  VWAP=1230.52  SD=1.1791
02:33:30 DEBUG    [VWAPCalc] 2025-04-17  VWAP=1230.51  SD=1.1450
02:33:30 DEBUG    [VWAPCalc] 2025-04-17  VWAP=1230.55  SD=1.1380
02:33:30 DEBUG    [VWAPCalc] 2025-04-17  VWAP=1230.60  SD=1.1503
02:33:30 DEBUG    [VWAPCalc] 2025-04-17  VWAP=1230.76  SD=1.2745
02:33:30 DEBUG    [VWAPCalc] 2025-04-17  VWAP=1230.85  SD=1.3406
02:33:30 DEBUG    [VWAPCalc] 2025-04-17  VWAP=1230.90  SD=1.3630
02:33:30 DEBUG    [VWAPCalc] 2025-04-17  VWAP=1231.00  SD=1.4383
02:33:30 DEBUG    [VWAPCalc] 2025-04-17  VWAP=1231.19  SD=1.6225
02:33:30 DEBUG    [VWAPCalc] 2025-04-17  VWAP=1231.34  SD=1.7741
02:33:30 DEBUG    [VWAPCalc] 2025-04-17  VWAP=1231.74  SD=2.2221
02:33:30 DEBUG    [VWAPCalc] 2025-04-17  VWAP=1232.09  SD=2.5702
02:33:30 DEBUG    [VWAPCalc] 2025-04-17  VWAP=1232.50  SD=2.9128
02:33:30 DEBUG    [VWAPCalc] 2025-04-17  VWAP=1232.70  SD=3.0127
02:33:30 DEBUG    [VWAPCalc] 2025-04-17  VWAP=1233.22  SD=3.2487
02:33:30 DEBUG    [VWAPCalc] 2025-04-17  VWAP=1233.49  SD=3.3299
02:33:30 DEBUG    [VWAPCalc] 2025-04-17  VWAP=1233.65  SD=3.4202
02:33:30 DEBUG    [VWAPCalc] 2025-04-17  VWAP=1234.07  SD=3.7240
02:33:30 DEBUG    [VWAPCalc] 2025-04-17  VWAP=1234.36  SD=3.9277
02:33:30 DEBUG    [VWAPCalc] 2025-04-17  VWAP=1234.92  SD=4.4972
02:33:30 DEBUG    [VWAPCalc] 2025-04-17  VWAP=1235.23  SD=4.7949
02:33:30 DEBUG    [VWAPCalc] 2025-04-17  VWAP=1235.33  SD=4.8692
02:33:30 DEBUG    [VWAPCalc] 2025-04-17  VWAP=1235.47  SD=4.9645
02:33:30 DEBUG    [VWAPCalc] 2025-04-17  VWAP=1235.91  SD=5.3153
02:33:30 DEBUG    [VWAPCalc] 2025-04-17  VWAP=1236.35  SD=5.6584
02:33:30 DEBUG    [VWAPCalc] 2025-04-17  VWAP=1236.81  SD=6.0154
02:33:30 DEBUG    [VWAPCalc] 2025-04-17  VWAP=1237.54  SD=6.5471
02:33:30 DEBUG    [VWAPCalc] 2025-04-17  VWAP=1237.78  SD=6.7044
02:33:30 DEBUG    [VWAPCalc] 2025-04-17  VWAP=1238.64  SD=7.3047
02:33:30 DEBUG    [VWAPCalc] 2025-04-17  VWAP=1239.28  SD=7.7298
02:33:30 DEBUG    [VWAPCalc] 2025-04-17  VWAP=1239.80  SD=8.0673
02:33:30 DEBUG    [VWAPCalc] 2025-04-17  VWAP=1240.72  SD=8.6840
02:33:30 DEBUG    [VWAPCalc] 2025-04-17  VWAP=1241.24  SD=8.9386
02:33:30 DEBUG    [VWAPCalc] 2025-04-17  VWAP=1241.87  SD=9.2356
02:33:30 DEBUG    [VWAPCalc] 2025-04-17  VWAP=1242.26  SD=9.4065
02:33:30 DEBUG    [VWAPCalc] 2025-04-17  VWAP=1242.52  SD=9.5224
02:33:30 DEBUG    [VWAPCalc] 2025-04-17  VWAP=1242.92  SD=9.7189
02:33:30 DEBUG    [VWAPCalc] 2025-04-17  VWAP=1243.41  SD=9.9639
02:33:30 DEBUG    [VWAPCalc] 2025-04-17  VWAP=1243.72  SD=10.0973
02:33:30 DEBUG    [VWAPCalc] 2025-04-17  VWAP=1244.14  SD=10.2967
02:33:30 DEBUG    [VWAPCalc] 2025-04-17  VWAP=1244.42  SD=10.4230
02:33:30 DEBUG    [VWAPCalc] 2025-04-17  VWAP=1244.80  SD=10.5882
02:33:30 DEBUG    [VWAPCalc] 2025-04-17  VWAP=1245.00  SD=10.6718
02:33:30 DEBUG    [VWAPCalc] 2025-04-17  VWAP=1245.47  SD=10.8853
02:33:30 DEBUG    [VWAPCalc] 2025-04-17  VWAP=1245.88  SD=11.0827
02:33:30 DEBUG    [VWAPCalc] 2025-04-17  VWAP=1246.46  SD=11.3682
02:33:30 DEBUG    [VWAPCalc] 2025-04-17  VWAP=1246.71  SD=11.4555
02:33:30 DEBUG    [VWAPCalc] 2025-04-17  VWAP=1246.96  SD=11.5361
02:33:30 DEBUG    [VWAPCalc] 2025-04-17  VWAP=1247.16  SD=11.6035
02:33:30 DEBUG    [VWAPCalc] 2025-04-17  VWAP=1247.34  SD=11.6632
02:33:30 DEBUG    [VWAPCalc] 2025-04-17  VWAP=1247.53  SD=11.7296
02:33:30 DEBUG    [VWAPCalc] 2025-04-17  VWAP=1247.71  SD=11.7903
02:33:30 DEBUG    [VWAPCalc] 2025-04-17  VWAP=1247.81  SD=11.8183
02:33:30 DEBUG    [VWAPCalc] 2025-04-17  VWAP=1248.09  SD=11.8965
02:33:30 DEBUG    [VWAPCalc] 2025-04-17  VWAP=1248.20  SD=11.9241
02:33:30 DEBUG    [VWAPCalc] 2025-04-17  VWAP=1248.34  SD=11.9571
02:33:30 DEBUG    [VWAPCalc] 2025-04-17  VWAP=1248.50  SD=12.0040
02:33:30 DEBUG    [VWAPCalc] 2025-04-17  VWAP=1248.90  SD=12.1401
02:33:30 DEBUG    [VWAPCalc] 2025-04-17  VWAP=1249.27  SD=12.2813
02:33:30 DEBUG    [VWAPCalc] 2025-04-17  VWAP=1249.54  SD=12.3770
02:33:30 DEBUG    [VWAPCalc] 2025-04-17  VWAP=1249.73  SD=12.4396
02:33:30 DEBUG    [VWAPCalc] 2025-04-17  VWAP=1249.98  SD=12.5108
02:33:30 DEBUG    [VWAPCalc] 2025-04-17  VWAP=1250.09  SD=12.5434
02:33:30 DEBUG    [VWAPCalc] 2025-04-17  VWAP=1250.26  SD=12.5927
02:33:30 DEBUG    [VWAPCalc] 2025-04-17  VWAP=1250.79  SD=12.7558
02:33:30 DEBUG    [VWAPCalc] 2025-04-17  VWAP=1250.96  SD=12.8020
02:33:30 DEBUG    [VWAPCalc] 2025-04-17  VWAP=1251.20  SD=12.8721
02:33:30 DEBUG    [VWAPCalc] 2025-04-17  VWAP=1251.85  SD=13.0718
02:33:30 DEBUG    [VWAPCalc] 2025-04-17  VWAP=1252.09  SD=13.1466
02:33:30 DEBUG    [VWAPCalc] 2025-04-17  VWAP=1252.45  SD=13.2615
02:33:30 DEBUG    [VWAPCalc] 2025-04-17  VWAP=1254.07  SD=13.9939
02:33:30 DEBUG    [VWAPCalc] 2025-04-17  VWAP=1254.55  SD=14.1412
02:33:30 DEBUG    [VWAPCalc] 2025-04-17  VWAP=1254.75  SD=14.1920
02:33:30 DEBUG    [VWAPCalc] 2025-04-17  VWAP=1255.00  SD=14.2618
02:33:30 DEBUG    [VWAPCalc] 2025-04-17  VWAP=1255.31  SD=14.3667
02:33:30 DEBUG    [VWAPCalc] 2025-04-17  VWAP=1255.48  SD=14.4169
02:33:30 DEBUG    [VWAPCalc] 2025-04-17  VWAP=1255.74  SD=14.4998
02:33:30 DEBUG    [VWAPCalc] 2025-04-17  VWAP=1256.12  SD=14.6385
02:33:30 DEBUG    [VWAPCalc] 2025-04-17  VWAP=1256.49  SD=14.7442
02:33:30 DEBUG    [VWAPCalc] 2025-04-17  VWAP=1257.16  SD=14.8965
02:33:30 DEBUG    [VWAPCalc] 2025-04-17  VWAP=1257.39  SD=14.9359
02:33:30 DEBUG    [VWAPCalc] 2025-04-17  VWAP=1257.58  SD=14.9557
02:33:30 DEBUG    [VWAPCalc] 2025-04-17  VWAP=1257.80  SD=14.9914
02:33:30 DEBUG    [VWAPCalc] 2025-04-17  VWAP=1257.95  SD=15.0161
02:33:30 DEBUG    [VWAPCalc] 2025-04-17  VWAP=1258.06  SD=15.0349
02:33:30 DEBUG    [VWAPCalc] 2025-04-17  VWAP=1258.92  SD=15.2495
02:33:30 DEBUG    [VWAPCalc] 2025-04-17  VWAP=1259.20  SD=15.2908
02:33:30 DEBUG    [VWAPCalc] 2025-04-17  VWAP=1259.40  SD=15.3244
02:33:30 DEBUG    [VWAPCalc] 2025-04-17  VWAP=1259.54  SD=15.3462
02:33:30 DEBUG    [VWAPCalc] 2025-04-17  VWAP=1259.72  SD=15.3649
02:33:30 DEBUG    [VWAPCalc] 2025-04-17  VWAP=1259.85  SD=15.3806
02:33:30 DEBUG    [VWAPCalc] 2025-04-17  VWAP=1260.03  SD=15.3960
02:33:30 DEBUG    [VWAPCalc] 2025-04-17  VWAP=1260.19  SD=15.4101
02:33:30 DEBUG    [VWAPCalc] 2025-04-17  VWAP=1260.43  SD=15.4303
02:33:30 DEBUG    [VWAPCalc] 2025-04-17  VWAP=1260.76  SD=15.4240
02:33:30 DEBUG    [VWAPCalc] 2025-04-17  VWAP=1261.00  SD=15.4026
02:33:30 DEBUG    [VWAPCalc] 2025-04-17  VWAP=1261.22  SD=15.3730
02:33:30 DEBUG    [VWAPCalc] 2025-04-17  VWAP=1261.40  SD=15.3437
02:33:30 DEBUG    [VWAPCalc] 2025-04-17  VWAP=1261.62  SD=15.2859
02:33:30 DEBUG    [VWAPCalc] 2025-04-17  VWAP=1261.81  SD=15.2467
02:33:30 DEBUG    [VWAPCalc] 2025-04-17  VWAP=1262.02  SD=15.2050
02:33:30 DEBUG    [VWAPCalc] 2025-04-17  VWAP=1262.15  SD=15.1745
02:33:30 DEBUG    [VWAPCalc] 2025-04-17  VWAP=1262.33  SD=15.1352
02:33:30 DEBUG    [VWAPCalc] 2025-04-17  VWAP=1262.45  SD=15.0922
02:33:30 DEBUG    [VWAPCalc] 2025-04-14  VWAP=3290.00  SD=0.0000
02:33:30 DEBUG    [VWAPCalc] 2025-04-14  VWAP=3289.62  SD=0.7522
02:33:30 DEBUG    [VWAPCalc] 2025-04-14  VWAP=3289.91  SD=0.9463
02:33:30 DEBUG    [VWAPCalc] 2025-04-14  VWAP=3289.70  SD=1.1625
02:33:30 DEBUG    [VWAPCalc] 2025-04-14  VWAP=3289.46  SD=1.3485
02:33:30 DEBUG    [VWAPCalc] 2025-04-15  VWAP=3276.20  SD=0.0000
02:33:30 DEBUG    [VWAPCalc] 2025-04-15  VWAP=3274.65  SD=1.6155
02:33:30 DEBUG    [VWAPCalc] 2025-04-15  VWAP=3275.20  SD=1.5437
02:33:30 DEBUG    [VWAPCalc] 2025-04-15  VWAP=3275.75  SD=1.8470
02:33:30 DEBUG    [VWAPCalc] 2025-04-15  VWAP=3276.28  SD=2.1453
02:33:30 DEBUG    [VWAPCalc] 2025-04-15  VWAP=3276.64  SD=2.2209
02:33:30 DEBUG    [VWAPCalc] 2025-04-15  VWAP=3277.33  SD=2.3725
02:33:30 DEBUG    [VWAPCalc] 2025-04-15  VWAP=3277.42  SD=2.3282
02:33:30 DEBUG    [VWAPCalc] 2025-04-15  VWAP=3276.63  SD=2.8828
02:33:30 DEBUG    [VWAPCalc] 2025-04-15  VWAP=3275.58  SD=3.9630
02:33:30 DEBUG    [VWAPCalc] 2025-04-15  VWAP=3274.96  SD=4.4094
02:33:30 DEBUG    [VWAPCalc] 2025-04-15  VWAP=3273.17  SD=6.1508
02:33:30 DEBUG    [VWAPCalc] 2025-04-15  VWAP=3272.35  SD=6.9423
02:33:30 DEBUG    [VWAPCalc] 2025-04-15  VWAP=3270.80  SD=8.3976
02:33:30 DEBUG    [VWAPCalc] 2025-04-15  VWAP=3269.69  SD=9.3285
02:33:30 DEBUG    [VWAPCalc] 2025-04-15  VWAP=3268.70  SD=9.8538
02:33:30 DEBUG    [VWAPCalc] 2025-04-15  VWAP=3268.02  SD=10.0491
02:33:30 DEBUG    [VWAPCalc] 2025-04-15  VWAP=3267.53  SD=10.0594
02:33:30 DEBUG    [VWAPCalc] 2025-04-15  VWAP=3267.03  SD=9.9948
02:33:30 DEBUG    [VWAPCalc] 2025-04-15  VWAP=3266.71  SD=9.8980
02:33:30 DEBUG    [VWAPCalc] 2025-04-15  VWAP=3266.51  SD=9.8874
02:33:30 DEBUG    [VWAPCalc] 2025-04-15  VWAP=3266.06  SD=9.9664
02:33:30 DEBUG    [VWAPCalc] 2025-04-15  VWAP=3265.65  SD=10.0714
02:33:30 DEBUG    [VWAPCalc] 2025-04-15  VWAP=3265.33  SD=10.0437
02:33:30 DEBUG    [VWAPCalc] 2025-04-15  VWAP=3265.16  SD=10.0322
02:33:30 DEBUG    [VWAPCalc] 2025-04-15  VWAP=3264.97  SD=9.9590
02:33:30 DEBUG    [VWAPCalc] 2025-04-15  VWAP=3264.87  SD=9.8568
02:33:30 DEBUG    [VWAPCalc] 2025-04-15  VWAP=3264.77  SD=9.8157
02:33:30 DEBUG    [VWAPCalc] 2025-04-15  VWAP=3264.65  SD=9.7662
02:33:30 DEBUG    [VWAPCalc] 2025-04-15  VWAP=3264.48  SD=9.7437
02:33:30 DEBUG    [VWAPCalc] 2025-04-15  VWAP=3264.40  SD=9.7060
02:33:30 DEBUG    [VWAPCalc] 2025-04-15  VWAP=3264.28  SD=9.6720
02:33:30 DEBUG    [VWAPCalc] 2025-04-15  VWAP=3264.18  SD=9.6337
02:33:30 DEBUG    [VWAPCalc] 2025-04-15  VWAP=3264.06  SD=9.6364
02:33:30 DEBUG    [VWAPCalc] 2025-04-15  VWAP=3263.89  SD=9.6735
02:33:30 DEBUG    [VWAPCalc] 2025-04-15  VWAP=3263.49  SD=9.8246
02:33:30 DEBUG    [VWAPCalc] 2025-04-15  VWAP=3263.31  SD=9.8368
02:33:30 DEBUG    [VWAPCalc] 2025-04-15  VWAP=3263.16  SD=9.8312
02:33:30 DEBUG    [VWAPCalc] 2025-04-15  VWAP=3262.99  SD=9.8133
02:33:30 DEBUG    [VWAPCalc] 2025-04-15  VWAP=3262.83  SD=9.7819
02:33:30 DEBUG    [VWAPCalc] 2025-04-15  VWAP=3262.50  SD=9.8005
02:33:30 DEBUG    [VWAPCalc] 2025-04-15  VWAP=3262.36  SD=9.8166
02:33:30 DEBUG    [VWAPCalc] 2025-04-15  VWAP=3262.15  SD=9.8429
02:33:30 DEBUG    [VWAPCalc] 2025-04-15  VWAP=3261.88  SD=9.9055
02:33:30 DEBUG    [VWAPCalc] 2025-04-15  VWAP=3261.52  SD=10.0879
02:33:30 DEBUG    [VWAPCalc] 2025-04-15  VWAP=3261.16  SD=10.2725
02:33:30 DEBUG    [VWAPCalc] 2025-04-15  VWAP=3260.75  SD=10.4860
02:33:30 DEBUG    [VWAPCalc] 2025-04-15  VWAP=3260.17  SD=10.8290
02:33:30 DEBUG    [VWAPCalc] 2025-04-15  VWAP=3259.90  SD=10.9507
02:33:30 DEBUG    [VWAPCalc] 2025-04-15  VWAP=3259.62  SD=11.0939
02:33:30 DEBUG    [VWAPCalc] 2025-04-15  VWAP=3259.38  SD=11.1997
02:33:30 DEBUG    [VWAPCalc] 2025-04-15  VWAP=3259.19  SD=11.2705
02:33:30 DEBUG    [VWAPCalc] 2025-04-15  VWAP=3258.82  SD=11.2832
02:33:30 DEBUG    [VWAPCalc] 2025-04-15  VWAP=3258.69  SD=11.0842
02:33:30 DEBUG    [VWAPCalc] 2025-04-15  VWAP=3258.64  SD=11.0196
02:33:30 DEBUG    [VWAPCalc] 2025-04-15  VWAP=3258.58  SD=10.9662
02:33:30 DEBUG    [VWAPCalc] 2025-04-15  VWAP=3258.51  SD=10.7845
02:33:30 DEBUG    [VWAPCalc] 2025-04-15  VWAP=3258.46  SD=10.6620
02:33:30 DEBUG    [VWAPCalc] 2025-04-15  VWAP=3258.44  SD=10.5840
02:33:30 DEBUG    [VWAPCalc] 2025-04-15  VWAP=3258.45  SD=10.5270
02:33:30 DEBUG    [VWAPCalc] 2025-04-15  VWAP=3258.44  SD=10.4825
02:33:30 DEBUG    [VWAPCalc] 2025-04-15  VWAP=3258.44  SD=10.3554
02:33:30 DEBUG    [VWAPCalc] 2025-04-15  VWAP=3258.52  SD=10.2350
02:33:30 DEBUG    [VWAPCalc] 2025-04-15  VWAP=3258.54  SD=10.1779
02:33:30 DEBUG    [VWAPCalc] 2025-04-15  VWAP=3258.55  SD=10.0881
02:33:30 DEBUG    [VWAPCalc] 2025-04-15  VWAP=3258.59  SD=10.0234
02:33:30 DEBUG    [VWAPCalc] 2025-04-15  VWAP=3258.64  SD=9.9527
02:33:30 DEBUG    [VWAPCalc] 2025-04-15  VWAP=3258.64  SD=9.8967
02:33:30 DEBUG    [VWAPCalc] 2025-04-15  VWAP=3258.63  SD=9.8461
02:33:30 DEBUG    [VWAPCalc] 2025-04-15  VWAP=3258.62  SD=9.7863
02:33:30 DEBUG    [VWAPCalc] 2025-04-15  VWAP=3258.62  SD=9.7033
02:33:30 DEBUG    [VWAPCalc] 2025-04-15  VWAP=3258.62  SD=9.6488
02:33:30 DEBUG    [VWAPCalc] 2025-04-15  VWAP=3258.60  SD=9.6073
02:33:30 DEBUG    [VWAPCalc] 2025-04-15  VWAP=3258.59  SD=9.5781
02:33:30 DEBUG    [VWAPCalc] 2025-04-15  VWAP=3258.58  SD=9.5543
02:33:30 DEBUG    [VWAPCalc] 2025-04-15  VWAP=3258.57  SD=9.5361
02:33:30 DEBUG    [VWAPCalc] 2025-04-15  VWAP=3258.50  SD=9.4942
02:33:30 DEBUG    [VWAPCalc] 2025-04-15  VWAP=3258.45  SD=9.4689
02:33:30 DEBUG    [VWAPCalc] 2025-04-15  VWAP=3258.41  SD=9.4325
02:33:30 DEBUG    [VWAPCalc] 2025-04-15  VWAP=3258.40  SD=9.4157
02:33:30 DEBUG    [VWAPCalc] 2025-04-15  VWAP=3257.91  SD=9.1818
02:33:30 DEBUG    [VWAPCalc] 2025-04-15  VWAP=3257.88  SD=9.1664
02:33:30 DEBUG    [VWAPCalc] 2025-04-15  VWAP=3257.86  SD=9.1559
02:33:30 DEBUG    [VWAPCalc] 2025-04-15  VWAP=3257.82  SD=9.1475
02:33:30 DEBUG    [VWAPCalc] 2025-04-15  VWAP=3257.71  SD=9.1087
02:33:30 DEBUG    [VWAPCalc] 2025-04-15  VWAP=3257.59  SD=9.0645
02:33:30 DEBUG    [VWAPCalc] 2025-04-15  VWAP=3257.55  SD=9.0498
02:33:30 DEBUG    [VWAPCalc] 2025-04-15  VWAP=3257.49  SD=9.0370
02:33:30 DEBUG    [VWAPCalc] 2025-04-15  VWAP=3257.38  SD=9.0361
02:33:30 DEBUG    [VWAPCalc] 2025-04-15  VWAP=3257.31  SD=9.0403
02:33:30 DEBUG    [VWAPCalc] 2025-04-15  VWAP=3257.17  SD=9.0641
02:33:30 DEBUG    [VWAPCalc] 2025-04-15  VWAP=3257.03  SD=9.1111
02:33:30 DEBUG    [VWAPCalc] 2025-04-15  VWAP=3256.88  SD=9.1129
02:33:30 DEBUG    [VWAPCalc] 2025-04-15  VWAP=3256.67  SD=9.1359
02:33:30 DEBUG    [VWAPCalc] 2025-04-15  VWAP=3256.56  SD=9.1535
02:33:30 DEBUG    [VWAPCalc] 2025-04-15  VWAP=3256.47  SD=9.1349
02:33:30 DEBUG    [VWAPCalc] 2025-04-15  VWAP=3256.43  SD=9.1138
02:33:30 DEBUG    [VWAPCalc] 2025-04-15  VWAP=3256.36  SD=9.0328
02:33:30 DEBUG    [VWAPCalc] 2025-04-15  VWAP=3256.34  SD=9.0008
02:33:30 DEBUG    [VWAPCalc] 2025-04-15  VWAP=3256.29  SD=8.9362
02:33:30 DEBUG    [VWAPCalc] 2025-04-15  VWAP=3256.22  SD=8.9076
02:33:30 DEBUG    [VWAPCalc] 2025-04-15  VWAP=3256.17  SD=8.8946
02:33:30 DEBUG    [VWAPCalc] 2025-04-15  VWAP=3256.14  SD=8.8845
02:33:30 DEBUG    [VWAPCalc] 2025-04-15  VWAP=3256.05  SD=8.8510
02:33:30 DEBUG    [VWAPCalc] 2025-04-15  VWAP=3255.97  SD=8.8118
02:33:30 DEBUG    [VWAPCalc] 2025-04-15  VWAP=3255.92  SD=8.7990
02:33:30 DEBUG    [VWAPCalc] 2025-04-15  VWAP=3255.77  SD=8.7555
02:33:30 DEBUG    [VWAPCalc] 2025-04-15  VWAP=3255.51  SD=8.7851
02:33:30 DEBUG    [VWAPCalc] 2025-04-15  VWAP=3255.23  SD=8.8457
02:33:30 DEBUG    [VWAPCalc] 2025-04-15  VWAP=3255.09  SD=8.8790
02:33:30 DEBUG    [VWAPCalc] 2025-04-15  VWAP=3254.81  SD=8.9115
02:33:30 DEBUG    [VWAPCalc] 2025-04-15  VWAP=3254.56  SD=8.8995
02:33:30 DEBUG    [VWAPCalc] 2025-04-15  VWAP=3254.32  SD=8.8924
02:33:30 DEBUG    [VWAPCalc] 2025-04-15  VWAP=3254.01  SD=8.8211
02:33:30 DEBUG    [VWAPCalc] 2025-04-15  VWAP=3253.83  SD=8.7576
02:33:30 DEBUG    [VWAPCalc] 2025-04-15  VWAP=3253.66  SD=8.6145
02:33:30 DEBUG    [VWAPCalc] 2025-04-15  VWAP=3253.51  SD=8.4788
02:33:30 DEBUG    [VWAPCalc] 2025-04-15  VWAP=3253.39  SD=8.3959
02:33:30 DEBUG    [VWAPCalc] 2025-04-15  VWAP=3253.32  SD=8.3174
02:33:30 DEBUG    [VWAPCalc] 2025-04-15  VWAP=3253.32  SD=8.2587
02:33:30 DEBUG    [VWAPCalc] 2025-04-15  VWAP=3253.09  SD=8.2573
02:33:30 DEBUG    [VWAPCalc] 2025-04-15  VWAP=3253.04  SD=8.2192
02:33:30 DEBUG    [VWAPCalc] 2025-04-15  VWAP=3253.03  SD=8.1964
02:33:30 DEBUG    [VWAPCalc] 2025-04-15  VWAP=3253.06  SD=8.1731
02:33:30 DEBUG    [VWAPCalc] 2025-04-15  VWAP=3253.17  SD=8.2057
02:33:30 DEBUG    [VWAPCalc] 2025-04-16  VWAP=3267.63  SD=0.0000
02:33:30 DEBUG    [VWAPCalc] 2025-04-16  VWAP=3266.16  SD=0.7600
02:33:30 DEBUG    [VWAPCalc] 2025-04-16  VWAP=3266.79  SD=0.9287
02:33:30 DEBUG    [VWAPCalc] 2025-04-16  VWAP=3265.97  SD=2.4926
02:33:30 DEBUG    [VWAPCalc] 2025-04-16  VWAP=3265.17  SD=3.3071
02:33:30 DEBUG    [VWAPCalc] 2025-04-16  VWAP=3264.27  SD=4.4096
02:33:30 DEBUG    [VWAPCalc] 2025-04-16  VWAP=3262.84  SD=6.1802
02:33:30 DEBUG    [VWAPCalc] 2025-04-16  VWAP=3262.03  SD=6.7704
02:33:30 DEBUG    [VWAPCalc] 2025-04-16  VWAP=3261.38  SD=7.2055
02:33:30 DEBUG    [VWAPCalc] 2025-04-16  VWAP=3260.60  SD=7.7286
02:33:30 DEBUG    [VWAPCalc] 2025-04-16  VWAP=3260.27  SD=7.8957
02:33:30 DEBUG    [VWAPCalc] 2025-04-16  VWAP=3259.84  SD=8.1555
02:33:30 DEBUG    [VWAPCalc] 2025-04-16  VWAP=3259.25  SD=8.5061
02:33:30 DEBUG    [VWAPCalc] 2025-04-16  VWAP=3258.72  SD=8.7260
02:33:30 DEBUG    [VWAPCalc] 2025-04-16  VWAP=3258.41  SD=8.8537
02:33:30 DEBUG    [VWAPCalc] 2025-04-16  VWAP=3257.65  SD=9.2865
02:33:30 DEBUG    [VWAPCalc] 2025-04-16  VWAP=3257.16  SD=9.5073
02:33:30 DEBUG    [VWAPCalc] 2025-04-16  VWAP=3256.46  SD=9.8378
02:33:30 DEBUG    [VWAPCalc] 2025-04-16  VWAP=3256.05  SD=10.0082
02:33:30 DEBUG    [VWAPCalc] 2025-04-16  VWAP=3255.71  SD=10.1160
02:33:30 DEBUG    [VWAPCalc] 2025-04-16  VWAP=3254.91  SD=10.3925
02:33:30 DEBUG    [VWAPCalc] 2025-04-16  VWAP=3254.58  SD=10.4792
02:33:30 DEBUG    [VWAPCalc] 2025-04-16  VWAP=3254.08  SD=10.5973
02:33:30 DEBUG    [VWAPCalc] 2025-04-16  VWAP=3253.82  SD=10.5630
02:33:30 DEBUG    [VWAPCalc] 2025-04-16  VWAP=3253.68  SD=10.5256
02:33:30 DEBUG    [VWAPCalc] 2025-04-16  VWAP=3253.62  SD=10.5087
02:33:30 DEBUG    [VWAPCalc] 2025-04-16  VWAP=3253.44  SD=10.4200
02:33:30 DEBUG    [VWAPCalc] 2025-04-16  VWAP=3253.31  SD=10.2983
02:33:30 DEBUG    [VWAPCalc] 2025-04-16  VWAP=3253.21  SD=10.2570
02:33:30 DEBUG    [VWAPCalc] 2025-04-16  VWAP=3253.07  SD=10.2063
02:33:30 DEBUG    [VWAPCalc] 2025-04-16  VWAP=3252.77  SD=10.1267
02:33:30 DEBUG    [VWAPCalc] 2025-04-16  VWAP=3252.35  SD=10.0846
02:33:30 DEBUG    [VWAPCalc] 2025-04-16  VWAP=3252.16  SD=10.0069
02:33:30 DEBUG    [VWAPCalc] 2025-04-16  VWAP=3252.05  SD=9.9185
02:33:30 DEBUG    [VWAPCalc] 2025-04-16  VWAP=3251.96  SD=9.8401
02:33:30 DEBUG    [VWAPCalc] 2025-04-16  VWAP=3251.88  SD=9.7381
02:33:30 DEBUG    [VWAPCalc] 2025-04-16  VWAP=3251.86  SD=9.6935
02:33:30 DEBUG    [VWAPCalc] 2025-04-16  VWAP=3251.81  SD=9.6128
02:33:30 DEBUG    [VWAPCalc] 2025-04-16  VWAP=3251.79  SD=9.5718
02:33:30 DEBUG    [VWAPCalc] 2025-04-16  VWAP=3251.79  SD=9.4933
02:33:30 DEBUG    [VWAPCalc] 2025-04-16  VWAP=3251.80  SD=9.1282
02:33:30 DEBUG    [VWAPCalc] 2025-04-16  VWAP=3251.82  SD=9.0861
02:33:30 DEBUG    [VWAPCalc] 2025-04-16  VWAP=3251.83  SD=9.0299
02:33:30 DEBUG    [VWAPCalc] 2025-04-16  VWAP=3251.83  SD=8.9945
02:33:30 DEBUG    [VWAPCalc] 2025-04-16  VWAP=3251.87  SD=8.9487
02:33:30 DEBUG    [VWAPCalc] 2025-04-16  VWAP=3252.01  SD=8.9146
02:33:30 DEBUG    [VWAPCalc] 2025-04-16  VWAP=3252.06  SD=8.8931
02:33:30 DEBUG    [VWAPCalc] 2025-04-16  VWAP=3252.09  SD=8.8727
02:33:30 DEBUG    [VWAPCalc] 2025-04-16  VWAP=3252.14  SD=8.8190
02:33:30 DEBUG    [VWAPCalc] 2025-04-16  VWAP=3252.17  SD=8.7857
02:33:30 DEBUG    [VWAPCalc] 2025-04-16  VWAP=3252.22  SD=8.7496
02:33:30 DEBUG    [VWAPCalc] 2025-04-16  VWAP=3252.29  SD=8.7219
02:33:30 DEBUG    [VWAPCalc] 2025-04-16  VWAP=3252.46  SD=8.7036
02:33:30 DEBUG    [VWAPCalc] 2025-04-16  VWAP=3252.55  SD=8.7124
02:33:30 DEBUG    [VWAPCalc] 2025-04-16  VWAP=3252.65  SD=8.7235
02:33:30 DEBUG    [VWAPCalc] 2025-04-16  VWAP=3252.84  SD=8.7615
02:33:30 DEBUG    [VWAPCalc] 2025-04-16  VWAP=3253.24  SD=8.8581
02:33:30 DEBUG    [VWAPCalc] 2025-04-16  VWAP=3253.72  SD=9.0627
02:33:30 DEBUG    [VWAPCalc] 2025-04-16  VWAP=3253.97  SD=9.1898
02:33:30 DEBUG    [VWAPCalc] 2025-04-16  VWAP=3254.15  SD=9.2518
02:33:30 DEBUG    [VWAPCalc] 2025-04-16  VWAP=3254.48  SD=9.3581
02:33:30 DEBUG    [VWAPCalc] 2025-04-16  VWAP=3254.56  SD=9.3733
02:33:30 DEBUG    [VWAPCalc] 2025-04-16  VWAP=3255.00  SD=9.5184
02:33:30 DEBUG    [VWAPCalc] 2025-04-16  VWAP=3255.08  SD=9.5368
02:33:30 DEBUG    [VWAPCalc] 2025-04-16  VWAP=3255.16  SD=9.5459
02:33:30 DEBUG    [VWAPCalc] 2025-04-16  VWAP=3255.31  SD=9.5424
02:33:30 DEBUG    [VWAPCalc] 2025-04-16  VWAP=3255.64  SD=9.5243
02:33:30 DEBUG    [VWAPCalc] 2025-04-16  VWAP=3255.75  SD=9.5248
02:33:30 DEBUG    [VWAPCalc] 2025-04-16  VWAP=3255.81  SD=9.5208
02:33:30 DEBUG    [VWAPCalc] 2025-04-16  VWAP=3255.90  SD=9.5157
02:33:30 DEBUG    [VWAPCalc] 2025-04-16  VWAP=3256.00  SD=9.4881
02:33:30 DEBUG    [VWAPCalc] 2025-04-16  VWAP=3256.13  SD=9.3972
02:33:30 DEBUG    [VWAPCalc] 2025-04-16  VWAP=3256.16  SD=9.3745
02:33:30 DEBUG    [VWAPCalc] 2025-04-16  VWAP=3256.24  SD=9.3200
02:33:30 DEBUG    [VWAPCalc] 2025-04-16  VWAP=3256.33  SD=9.3039
02:33:30 DEBUG    [VWAPCalc] 2025-04-16  VWAP=3256.52  SD=9.2628
02:33:30 DEBUG    [VWAPCalc] 2025-04-16  VWAP=3256.56  SD=9.2397
02:33:30 DEBUG    [VWAPCalc] 2025-04-16  VWAP=3256.59  SD=9.2077
02:33:30 DEBUG    [VWAPCalc] 2025-04-16  VWAP=3256.65  SD=9.1315
02:33:30 DEBUG    [VWAPCalc] 2025-04-16  VWAP=3256.76  SD=8.9655
02:33:30 DEBUG    [VWAPCalc] 2025-04-16  VWAP=3256.79  SD=8.9239
02:33:30 DEBUG    [VWAPCalc] 2025-04-16  VWAP=3256.81  SD=8.8615
02:33:30 DEBUG    [VWAPCalc] 2025-04-16  VWAP=3256.88  SD=8.7884
02:33:30 DEBUG    [VWAPCalc] 2025-04-16  VWAP=3256.88  SD=8.7736
02:33:30 DEBUG    [VWAPCalc] 2025-04-16  VWAP=3256.89  SD=8.7606
02:33:30 DEBUG    [VWAPCalc] 2025-04-16  VWAP=3256.90  SD=8.7341
02:33:30 DEBUG    [VWAPCalc] 2025-04-16  VWAP=3256.91  SD=8.7152
02:33:30 DEBUG    [VWAPCalc] 2025-04-16  VWAP=3256.91  SD=8.6992
02:33:30 DEBUG    [VWAPCalc] 2025-04-16  VWAP=3256.95  SD=8.6114
02:33:30 DEBUG    [VWAPCalc] 2025-04-16  VWAP=3257.20  SD=8.5070
02:33:30 DEBUG    [VWAPCalc] 2025-04-16  VWAP=3257.36  SD=8.5072
02:33:30 DEBUG    [VWAPCalc] 2025-04-16  VWAP=3257.42  SD=8.5038
02:33:30 DEBUG    [VWAPCalc] 2025-04-16  VWAP=3257.45  SD=8.5035
02:33:30 DEBUG    [VWAPCalc] 2025-04-16  VWAP=3257.62  SD=8.5414
02:33:30 DEBUG    [VWAPCalc] 2025-04-16  VWAP=3257.87  SD=8.6844
02:33:30 DEBUG    [VWAPCalc] 2025-04-16  VWAP=3257.94  SD=8.7151
02:33:30 DEBUG    [VWAPCalc] 2025-04-16  VWAP=3258.01  SD=8.7460
02:33:30 DEBUG    [VWAPCalc] 2025-04-16  VWAP=3258.34  SD=8.9729
02:33:30 DEBUG    [VWAPCalc] 2025-04-16  VWAP=3258.49  SD=9.0766
02:33:30 DEBUG    [VWAPCalc] 2025-04-16  VWAP=3258.63  SD=9.1735
02:33:30 DEBUG    [VWAPCalc] 2025-04-16  VWAP=3258.72  SD=9.2253
02:33:30 DEBUG    [VWAPCalc] 2025-04-16  VWAP=3258.80  SD=9.2538
02:33:30 DEBUG    [VWAPCalc] 2025-04-16  VWAP=3259.02  SD=9.3500
02:33:30 DEBUG    [VWAPCalc] 2025-04-16  VWAP=3259.20  SD=9.4362
02:33:30 DEBUG    [VWAPCalc] 2025-04-16  VWAP=3259.32  SD=9.4814
02:33:30 DEBUG    [VWAPCalc] 2025-04-16  VWAP=3259.40  SD=9.5011
02:33:30 DEBUG    [VWAPCalc] 2025-04-16  VWAP=3259.47  SD=9.5214
02:33:30 DEBUG    [VWAPCalc] 2025-04-16  VWAP=3259.59  SD=9.5381
02:33:30 DEBUG    [VWAPCalc] 2025-04-16  VWAP=3259.65  SD=9.5379
02:33:30 DEBUG    [VWAPCalc] 2025-04-16  VWAP=3259.72  SD=9.5378
02:33:30 DEBUG    [VWAPCalc] 2025-04-16  VWAP=3259.92  SD=9.5720
02:33:30 DEBUG    [VWAPCalc] 2025-04-16  VWAP=3260.17  SD=9.6646
02:33:30 DEBUG    [VWAPCalc] 2025-04-16  VWAP=3260.37  SD=9.7392
02:33:30 DEBUG    [VWAPCalc] 2025-04-16  VWAP=3260.57  SD=9.7983
02:33:30 DEBUG    [VWAPCalc] 2025-04-16  VWAP=3260.72  SD=9.8174
02:33:30 DEBUG    [VWAPCalc] 2025-04-16  VWAP=3260.96  SD=9.8543
02:33:30 DEBUG    [VWAPCalc] 2025-04-16  VWAP=3261.24  SD=9.9323
02:33:30 DEBUG    [VWAPCalc] 2025-04-16  VWAP=3261.47  SD=10.0037
02:33:30 DEBUG    [VWAPCalc] 2025-04-16  VWAP=3261.73  SD=10.0834
02:33:30 DEBUG    [VWAPCalc] 2025-04-16  VWAP=3261.93  SD=10.1320
02:33:30 DEBUG    [VWAPCalc] 2025-04-16  VWAP=3259.53  SD=12.6592
02:33:30 DEBUG    [VWAPCalc] 2025-04-16  VWAP=3258.77  SD=13.4225
02:33:30 DEBUG    [VWAPCalc] 2025-04-16  VWAP=3258.30  SD=13.8671
02:33:30 DEBUG    [VWAPCalc] 2025-04-16  VWAP=3257.82  SD=14.3056
02:33:30 DEBUG    [VWAPCalc] 2025-04-16  VWAP=3257.54  SD=14.5529
02:33:30 DEBUG    [VWAPCalc] 2025-04-17  VWAP=3221.40  SD=0.0000
02:33:30 DEBUG    [VWAPCalc] 2025-04-17  VWAP=3220.78  SD=0.7390
02:33:30 DEBUG    [VWAPCalc] 2025-04-17  VWAP=3221.38  SD=1.2630
02:33:30 DEBUG    [VWAPCalc] 2025-04-17  VWAP=3221.92  SD=1.6868
02:33:30 DEBUG    [VWAPCalc] 2025-04-17  VWAP=3223.38  SD=3.2722
02:33:30 DEBUG    [VWAPCalc] 2025-04-17  VWAP=3224.42  SD=3.8836
02:33:30 DEBUG    [VWAPCalc] 2025-04-17  VWAP=3225.03  SD=4.0714
02:33:30 DEBUG    [VWAPCalc] 2025-04-17  VWAP=3225.45  SD=4.2083
02:33:30 DEBUG    [VWAPCalc] 2025-04-17  VWAP=3226.18  SD=4.6991
02:33:30 DEBUG    [VWAPCalc] 2025-04-17  VWAP=3227.23  SD=5.4664
02:33:30 DEBUG    [VWAPCalc] 2025-04-17  VWAP=3227.88  SD=5.5405
02:33:30 DEBUG    [VWAPCalc] 2025-04-17  VWAP=3228.17  SD=5.5504
02:33:30 DEBUG    [VWAPCalc] 2025-04-17  VWAP=3228.26  SD=5.4922
02:33:30 DEBUG    [VWAPCalc] 2025-04-17  VWAP=3228.28  SD=5.3458
02:33:30 DEBUG    [VWAPCalc] 2025-04-17  VWAP=3228.35  SD=5.2327
02:33:30 DEBUG    [VWAPCalc] 2025-04-17  VWAP=3228.43  SD=5.1173
02:33:30 DEBUG    [VWAPCalc] 2025-04-17  VWAP=3228.43  SD=5.0463
02:33:30 DEBUG    [VWAPCalc] 2025-04-17  VWAP=3228.43  SD=4.9678
02:33:30 DEBUG    [VWAPCalc] 2025-04-17  VWAP=3228.56  SD=4.9338
02:33:30 DEBUG    [VWAPCalc] 2025-04-17  VWAP=3228.60  SD=4.9129
02:33:30 DEBUG    [VWAPCalc] 2025-04-17  VWAP=3228.78  SD=4.9369
02:33:30 DEBUG    [VWAPCalc] 2025-04-17  VWAP=3228.87  SD=4.9613
02:33:30 DEBUG    [VWAPCalc] 2025-04-17  VWAP=3229.03  SD=4.9969
02:33:30 DEBUG    [VWAPCalc] 2025-04-17  VWAP=3229.22  SD=5.0969
02:33:30 DEBUG    [VWAPCalc] 2025-04-17  VWAP=3229.27  SD=5.1138
02:33:30 DEBUG    [VWAPCalc] 2025-04-17  VWAP=3229.58  SD=5.2905
02:33:30 DEBUG    [VWAPCalc] 2025-04-17  VWAP=3229.71  SD=5.3802
02:33:30 DEBUG    [VWAPCalc] 2025-04-17  VWAP=3229.83  SD=5.4151
02:33:30 DEBUG    [VWAPCalc] 2025-04-17  VWAP=3229.90  SD=5.4142
02:33:30 DEBUG    [VWAPCalc] 2025-04-17  VWAP=3229.98  SD=5.4102
02:33:30 DEBUG    [VWAPCalc] 2025-04-17  VWAP=3230.23  SD=5.3540
02:33:30 DEBUG    [VWAPCalc] 2025-04-17  VWAP=3230.35  SD=5.3474
02:33:30 DEBUG    [VWAPCalc] 2025-04-17  VWAP=3230.40  SD=5.3600
02:33:30 DEBUG    [VWAPCalc] 2025-04-17  VWAP=3230.58  SD=5.4618
02:33:30 DEBUG    [VWAPCalc] 2025-04-17  VWAP=3230.72  SD=5.5280
02:33:30 DEBUG    [VWAPCalc] 2025-04-17  VWAP=3231.16  SD=5.8681
02:33:30 DEBUG    [VWAPCalc] 2025-04-17  VWAP=3231.64  SD=6.2672
02:33:30 DEBUG    [VWAPCalc] 2025-04-17  VWAP=3232.01  SD=6.6134
02:33:30 DEBUG    [VWAPCalc] 2025-04-17  VWAP=3232.31  SD=6.8870
02:33:30 DEBUG    [VWAPCalc] 2025-04-17  VWAP=3233.10  SD=7.6752
02:33:30 DEBUG    [VWAPCalc] 2025-04-17  VWAP=3233.64  SD=8.2298
02:33:30 DEBUG    [VWAPCalc] 2025-04-17  VWAP=3234.26  SD=8.8656
02:33:30 DEBUG    [VWAPCalc] 2025-04-17  VWAP=3234.82  SD=9.4237
02:33:30 DEBUG    [VWAPCalc] 2025-04-17  VWAP=3235.09  SD=9.6312
02:33:30 DEBUG    [VWAPCalc] 2025-04-17  VWAP=3235.82  SD=10.2733
02:33:30 DEBUG    [VWAPCalc] 2025-04-17  VWAP=3236.52  SD=10.8574
02:33:30 DEBUG    [VWAPCalc] 2025-04-17  VWAP=3236.78  SD=11.0274
02:33:30 DEBUG    [VWAPCalc] 2025-04-17  VWAP=3237.56  SD=11.5163
02:33:30 DEBUG    [VWAPCalc] 2025-04-17  VWAP=3238.02  SD=11.6658
02:33:30 DEBUG    [VWAPCalc] 2025-04-17  VWAP=3238.25  SD=11.7704
02:33:30 DEBUG    [VWAPCalc] 2025-04-17  VWAP=3238.45  SD=11.8427
02:33:30 DEBUG    [VWAPCalc] 2025-04-17  VWAP=3238.60  SD=11.8996
02:33:30 DEBUG    [VWAPCalc] 2025-04-17  VWAP=3238.82  SD=11.9813
02:33:30 DEBUG    [VWAPCalc] 2025-04-17  VWAP=3239.16  SD=12.1358
02:33:30 DEBUG    [VWAPCalc] 2025-04-17  VWAP=3239.43  SD=12.2511
02:33:30 DEBUG    [VWAPCalc] 2025-04-17  VWAP=3239.65  SD=12.3543
02:33:30 DEBUG    [VWAPCalc] 2025-04-17  VWAP=3239.91  SD=12.4753
02:33:30 DEBUG    [VWAPCalc] 2025-04-17  VWAP=3240.18  SD=12.6101
02:33:30 DEBUG    [VWAPCalc] 2025-04-17  VWAP=3240.64  SD=12.9044
02:33:30 DEBUG    [VWAPCalc] 2025-04-17  VWAP=3241.36  SD=13.4410
02:33:30 DEBUG    [VWAPCalc] 2025-04-17  VWAP=3242.29  SD=14.1054
02:33:30 DEBUG    [VWAPCalc] 2025-04-17  VWAP=3243.20  SD=14.7354
02:33:30 DEBUG    [VWAPCalc] 2025-04-17  VWAP=3243.56  SD=14.9125
02:33:30 DEBUG    [VWAPCalc] 2025-04-17  VWAP=3243.99  SD=15.1247
02:33:30 DEBUG    [VWAPCalc] 2025-04-17  VWAP=3244.41  SD=15.3652
02:33:30 DEBUG    [VWAPCalc] 2025-04-17  VWAP=3244.97  SD=15.7374
02:33:30 DEBUG    [VWAPCalc] 2025-04-17  VWAP=3246.23  SD=16.6448
02:33:30 DEBUG    [VWAPCalc] 2025-04-17  VWAP=3246.64  SD=16.9033
02:33:30 DEBUG    [VWAPCalc] 2025-04-17  VWAP=3246.90  SD=17.0578
02:33:30 DEBUG    [VWAPCalc] 2025-04-17  VWAP=3247.23  SD=17.1519
02:33:30 DEBUG    [VWAPCalc] 2025-04-17  VWAP=3247.39  SD=17.1981
02:33:30 DEBUG    [VWAPCalc] 2025-04-17  VWAP=3247.65  SD=17.2832
02:33:30 DEBUG    [VWAPCalc] 2025-04-17  VWAP=3247.99  SD=17.4346
02:33:30 DEBUG    [VWAPCalc] 2025-04-17  VWAP=3248.21  SD=17.5323
02:33:30 DEBUG    [VWAPCalc] 2025-04-17  VWAP=3248.49  SD=17.6768
02:33:30 DEBUG    [VWAPCalc] 2025-04-17  VWAP=3249.09  SD=17.9468
02:33:30 DEBUG    [VWAPCalc] 2025-04-17  VWAP=3249.32  SD=18.0343
02:33:30 DEBUG    [VWAPCalc] 2025-04-17  VWAP=3249.61  SD=18.1517
02:33:30 DEBUG    [VWAPCalc] 2025-04-17  VWAP=3249.92  SD=18.2695
02:33:30 DEBUG    [VWAPCalc] 2025-04-17  VWAP=3250.10  SD=18.3393
02:33:30 DEBUG    [VWAPCalc] 2025-04-17  VWAP=3250.45  SD=18.4829
02:33:30 DEBUG    [VWAPCalc] 2025-04-17  VWAP=3250.87  SD=18.6154
02:33:30 DEBUG    [VWAPCalc] 2025-04-17  VWAP=3251.42  SD=18.8107
02:33:30 DEBUG    [VWAPCalc] 2025-04-17  VWAP=3252.72  SD=19.5325
02:33:30 DEBUG    [VWAPCalc] 2025-04-17  VWAP=3253.21  SD=19.8548
02:33:30 DEBUG    [VWAPCalc] 2025-04-17  VWAP=3253.71  SD=20.1713
02:33:30 DEBUG    [VWAPCalc] 2025-04-17  VWAP=3254.00  SD=20.3514
02:33:30 DEBUG    [VWAPCalc] 2025-04-17  VWAP=3254.61  SD=20.7500
02:33:30 DEBUG    [VWAPCalc] 2025-04-17  VWAP=3254.93  SD=20.9539
02:33:30 DEBUG    [VWAPCalc] 2025-04-17  VWAP=3255.33  SD=21.2366
02:33:30 DEBUG    [VWAPCalc] 2025-04-17  VWAP=3256.27  SD=21.9578
02:33:30 DEBUG    [VWAPCalc] 2025-04-17  VWAP=3256.64  SD=22.2017
02:33:30 DEBUG    [VWAPCalc] 2025-04-17  VWAP=3256.87  SD=22.3415
02:33:30 DEBUG    [VWAPCalc] 2025-04-17  VWAP=3257.31  SD=22.6446
02:33:30 DEBUG    [VWAPCalc] 2025-04-17  VWAP=3257.75  SD=22.9115
02:33:30 DEBUG    [VWAPCalc] 2025-04-17  VWAP=3258.41  SD=23.1733
02:33:30 DEBUG    [VWAPCalc] 2025-04-17  VWAP=3258.71  SD=23.2452
02:33:30 DEBUG    [VWAPCalc] 2025-04-17  VWAP=3259.01  SD=23.2846
02:33:30 DEBUG    [VWAPCalc] 2025-04-17  VWAP=3259.32  SD=23.3453
02:33:30 DEBUG    [VWAPCalc] 2025-04-17  VWAP=3259.51  SD=23.3976
02:33:30 DEBUG    [VWAPCalc] 2025-04-17  VWAP=3259.77  SD=23.4871
02:33:30 DEBUG    [VWAPCalc] 2025-04-17  VWAP=3260.12  SD=23.6236
02:33:30 DEBUG    [VWAPCalc] 2025-04-17  VWAP=3260.37  SD=23.6930
02:33:30 DEBUG    [VWAPCalc] 2025-04-17  VWAP=3260.68  SD=23.7808
02:33:30 DEBUG    [VWAPCalc] 2025-04-17  VWAP=3260.86  SD=23.8469
02:33:30 DEBUG    [VWAPCalc] 2025-04-17  VWAP=3261.14  SD=23.9362
02:33:30 DEBUG    [VWAPCalc] 2025-04-17  VWAP=3261.29  SD=23.9848
02:33:30 DEBUG    [VWAPCalc] 2025-04-17  VWAP=3261.46  SD=24.0375
02:33:30 DEBUG    [VWAPCalc] 2025-04-17  VWAP=3261.69  SD=24.1099
02:33:30 DEBUG    [VWAPCalc] 2025-04-17  VWAP=3262.12  SD=24.2742
02:33:30 DEBUG    [VWAPCalc] 2025-04-17  VWAP=3262.90  SD=24.5996
02:33:30 DEBUG    [VWAPCalc] 2025-04-17  VWAP=3263.44  SD=24.7933
02:33:30 DEBUG    [VWAPCalc] 2025-04-17  VWAP=3263.99  SD=24.9704
02:33:30 DEBUG    [VWAPCalc] 2025-04-17  VWAP=3264.71  SD=25.2009
02:33:30 DEBUG    [VWAPCalc] 2025-04-17  VWAP=3265.26  SD=25.3960
02:33:30 DEBUG    [VWAPCalc] 2025-04-17  VWAP=3265.83  SD=25.5691
02:33:30 DEBUG    [VWAPCalc] 2025-04-17  VWAP=3266.40  SD=25.7169
02:33:30 DEBUG    [VWAPCalc] 2025-04-17  VWAP=3266.72  SD=25.7826
02:33:30 DEBUG    [VWAPCalc] 2025-04-17  VWAP=3267.04  SD=25.8466
02:33:30 DEBUG    [VWAPCalc] 2025-04-17  VWAP=3267.37  SD=25.8946
02:33:38 INFO     [DataFeed] DataFeed task cancelled — closing WebSocket …
02:33:38 WARNING  [DataFeed] WebSocket closed: {'code': 200, 'message': 'Connection Closed', 's': 'ok'}
02:33:48 INFO     [Main] Strategy task cancelled.
02:33:48 INFO     [Main] Shutdown complete — bye!
02:33:48 INFO     [Main] KeyboardInterrupt — terminated.
